k_ZH_240,k_ZH_365_central_value,lmbd,CH,CHBox
0.8474814294395325,0.767912247273711,12.37836758689491,-25.0,-2.0
0.8509397249192305,0.7716599664595424,12.38746120436049,-25.0,-1.95
0.8543838745417348,0.775389409000608,12.39655482182607,-25.0,-1.9
0.8578140486952092,0.7791008373598831,12.40564843929165,-25.0,-1.85
0.8612304143673605,0.7827945077668971,12.41474205675723,-25.0,-1.8
0.8646331352397228,0.7864706704230967,12.4238356742228,-25.0,-1.75
0.8680223717786075,0.7901295696985909,12.43292929168838,-25.0,-1.7
0.87139828132286,0.7937714443207154,12.44202290915396,-25.0,-1.65
0.8747610181685614,0.7973965275548279,12.45111652661954,-25.0,-1.6
0.8781107336508027,0.8010050473777236,12.46021014408512,-25.0,-1.55
0.8814475762226548,0.8045972266440333,12.46930376155069,-25.0,-1.5
0.88477169153145,0.8081732832459504,12.47839737901627,-25.0,-1.45
0.8880832224924882,0.81173343026661,12.48749099648185,-25.0,-1.4
0.8913823093602714,0.8152778761274247,12.49658461394743,-25.0,-1.35
0.894669089797366,0.8188068247296675,12.50567823141301,-25.0,-1.3
0.8979436989409931,0.8223204755905723,12.51477184887858,-25.0,-1.25
0.9012062694674331,0.825819023974211,12.52386546634416,-25.0,-1.2
0.9044569316543332,0.8293026610173881,12.53295908380974,-25.0,-1.15
0.9076958134410024,0.8327715738507842,12.54205270127532,-25.0,-1.1
0.9109230404867713,0.8362259457155655,12.5511463187409,-25.0,-1.05
0.9141387362274908,0.8396659560756651,12.56023993620647,-25.0,-1.0
0.9173430219302442,0.8430917807259292,12.56933355367205,-25.0,-0.95
0.920536016746341,0.846503591896316,12.57842717113763,-25.0,-0.9
0.9237178377626559,0.8499015583523187,12.58752078860321,-25.0,-0.85
0.9268886000513769,0.8532858454917812,12.59661440606879,-25.0,-0.8
0.9300484167182239,0.8566566154382611,12.60570802353436,-25.0,-0.75
0.9331973989491923,0.860014027131092,12.61480164099994,-25.0,-0.7
0.9363356560558769,0.8633582364122838,12.62389525846552,-25.0,-0.65
0.9394632955194311,0.8666893961103992,12.6329888759311,-25.0,-0.6
0.9425804230332067,0.8700076561215289,12.64208249339668,-25.0,-0.55
0.9456871425441274,0.8733131634874933,12.65117611086225,-25.0,-0.5
0.9487835562928373,0.8766060624713813,12.66026972832783,-25.0,-0.45
0.951869764852671,0.8798864946305369,12.66936334579341,-25.0,-0.4
0.954945867167487,0.8831545988871015,12.67845696325899,-25.0,-0.35
0.9580119605884037,0.886410511596207,12.68755058072457,-25.0,-0.3
0.9610681409094775,0.8896543666119167,12.69664419819014,-25.0,-0.25
0.9641145024023599,0.892886295351004,12.70573781565572,-25.0,-0.2
0.967151137849969,0.896106426854656,12.7148314331213,-25.0,-0.15
0.9701781385792086,0.8993148878481811,12.72392505058688,-25.0,-0.1
0.9731955944927698,0.9025118027988016,12.73301866805246,-25.0,-0.05
0.9762035941000432,0.905697293971605,12.74211228551803,-25.0,0.0
0.9792022245471753,0.9088714814837254,12.75120590298361,-25.0,0.05
0.9821915716462959,0.9120344833568217,12.76029952044919,-25.0,0.1
0.9851717199039431,0.9151864155679195,12.76939313791477,-25.0,0.15
0.9881427525487169,0.9183273920986768,12.77848675538035,-25.0,0.2
0.8514145716104066,0.7746524532625954,12.04958844290041,-24.3,-2.0
0.8548622968535907,0.7783735859467875,12.05868206036599,-24.3,-1.95
0.8582960257647999,0.782076852159782,12.06777567783156,-24.3,-1.9
0.8617159256600125,0.7857625045134404,12.07686929529714,-24.3,-1.85
0.8651221605409976,0.789430789711742,12.08596291276272,-24.3,-1.8
0.8685148911865261,0.7930819487424761,12.0950565302283,-24.3,-1.75
0.8718942752403825,0.7967162170610128,12.10415014769388,-24.3,-1.7
0.8752604672963068,0.8003338247665456,12.11324376515945,-24.3,-1.65
0.8786136189800018,0.8039349967711772,12.12233738262503,-24.3,-1.6
0.8819538790283259,0.8075199529622082,12.13143100009061,-24.3,-1.55
0.8852813933657901,0.8110889083579493,12.14052461755619,-24.3,-1.5
0.8885963051784694,0.8146420732573795,12.14961823502177,-24.3,-1.45
0.8918987549854351,0.8181796533839387,12.15871185248734,-24.3,-1.4
0.8951888807078088,0.8217018500237367,12.16780546995292,-24.3,-1.35
0.8984668177355348,0.8252088601584388,12.1768990874185,-24.3,-1.3
0.9017326989919612,0.8287008765930786,12.18599270488408,-24.3,-1.25
0.9049866549963175,0.8321780880790317,12.19508632234966,-24.3,-1.2
0.9082288139241728,0.8356406794323725,12.20417993981524,-24.3,-1.15
0.9114593016659515,0.8390888316478243,12.21327355728081,-24.3,-1.1
0.9146782418835857,0.8425227220085005,12.22236717474639,-24.3,-1.05
0.9178857560653719,0.8459425241916286,12.23146079221197,-24.3,-1.0
0.9210819635791054,0.8493484083704308,12.24055440967755,-24.3,-0.95
0.9242669817235549,0.8527405413123342,12.24964802714313,-24.3,-0.9
0.9274409257783424,0.8561190864736695,12.2587416446087,-24.3,-0.85
0.9306039090522864,0.8594842040910099,12.26783526207428,-24.3,-0.8
0.9337560429302679,0.8628360512692965,12.27692887953986,-24.3,-0.75
0.9368974369186722,0.8661747820668853,12.28602249700544,-24.3,-0.7
0.9400281986894603,0.8695005475776475,12.29511611447102,-24.3,-0.65
0.943148434122919,0.8728134960102476,12.30420973193659,-24.3,-0.6
0.9462582473491397,0.8761137727647141,12.31330334940217,-24.3,-0.55
0.9493577407882688,0.8794015205064182,12.32239696686775,-24.3,-0.5
0.9524470151895774,0.8826768792375659,12.33149058433333,-24.3,-0.45
0.9555261696693885,0.8859399863663032,12.34058420179891,-24.3,-0.4
0.9585953017479064,0.8891909767735339,12.34967781926448,-24.3,-0.35
0.9616545073849837,0.8924299828775397,12.35877143673006,-24.3,-0.3
0.9647038810148635,0.8956571346964914,12.36786505419564,-24.3,-0.25
0.9677435155799357,0.8988725599089348,12.37695867166122,-24.3,-0.2
0.9707735025635358,0.9020763839123284,12.3860522891268,-24.3,-0.15
0.9737939320218247,0.905268729879715,12.39514590659237,-24.3,-0.1
0.9768048926147769,0.9084497188145918,12.40423952405795,-24.3,-0.05
0.9798064716363096,0.9116194696040549,12.41333314152353,-24.3,0.0
0.9827987550435804,0.91477809907028,12.42242675898911,-24.3,0.05
0.9857818274854827,0.917925722020404,12.43152037645469,-24.3,0.1
0.988755772330363,0.9210624512948695,12.44061399392026,-24.3,0.15
0.9917206716929907,0.9241883978142859,12.44970761138584,-24.3,0.2
0.8551366082402377,0.7811232128640022,11.7208092989059,-23.6,-2.0
0.85857470508652,0.784819483231276,11.72990291637148,-23.6,-1.95
0.8619989426366952,0.7884982665005813,11.73899653383706,-23.6,-1.9
0.8654094854054611,0.7921598063017495,11.74809015130264,-23.6,-1.85
0.8688064946714537,0.795804340649269,11.75718376876821,-23.6,-1.8
0.8721901285656933,0.7994321021218743,11.76627738623379,-23.6,-1.75
0.8755605421569497,0.8030433180348173,11.77537100369937,-23.6,-1.7
0.8789178875341493,0.8066382106051806,11.78446462116495,-23.6,-1.65
0.8822623138859556,0.8102169971105736,11.79355823863053,-23.6,-1.6
0.8855939675776353,0.8137798900415344,11.80265185609611,-23.6,-1.55
0.8889129922253268,0.8173270972479361,11.81174547356168,-23.6,-1.5
0.8922195287678135,0.820858822079687,11.82083909102726,-23.6,-1.45
0.8955137155359058,0.8243752635219922,11.82993270849284,-23.6,-1.4
0.8987956883195289,0.8278766163254315,11.83902632595842,-23.6,-1.35
0.9020655804326076,0.8313630711310951,11.848119943424,-23.6,-1.3
0.905323522775835,0.8348348145910038,11.85721356088957,-23.6,-1.25
0.9085696438974104,0.83829202948403,11.86630717835515,-23.6,-1.2
0.911804070051826,0.8417348948275228,11.87540079582073,-23.6,-1.15
0.9150269252567773,0.8451635859848299,11.88449441328631,-23.6,-1.1
0.9182383313482713,0.8485782747688992,11.89358803075189,-23.6,-1.05
0.9214384080339999,0.8519791295421355,11.90268164821746,-23.6,-1.0
0.9246272729450477,0.8553663153126718,11.91177526568304,-23.6,-0.95
0.9278050416859932,0.8587399938272168,11.92086888314862,-23.6,-0.9
0.9309718278834697,0.8621003236606214,11.9299625006142,-23.6,-0.85
0.934127743233236,0.865447460302309,11.93905611807978,-23.6,-0.8
0.9372728975458199,0.8687815562396997,11.94814973554535,-23.6,-0.75
0.9404073987907817,0.8721027610387555,11.95724335301093,-23.6,-0.7
0.9435313531396509,0.8754112214217704,11.96633697047651,-23.6,-0.65
0.9466448650075834,0.8787070813425143,11.97543058794209,-23.6,-0.6
0.9497480370937861,0.8819904820588444,11.98452420540767,-23.6,-0.55
0.952840970420753,0.8852615622028862,11.99361782287324,-23.6,-0.5
0.955923764372355,0.888520457848881,12.00271144033882,-23.6,-0.45
0.9589965167308242,0.8917673025787973,12.0118050578044,-23.6,-0.4
0.9620593237126717,0.8950022275457935,12.02089867526998,-23.6,-0.35
0.9651122800035761,0.8982253615356166,12.02999229273556,-23.6,-0.3
0.9681554787922794,0.9014368310260209,12.03908591020113,-23.6,-0.25
0.971189011803523,0.9046367602442815,12.04817952766671,-23.6,-0.2
0.9742129693300576,0.9078252712228786,12.05727314513229,-23.6,-0.15
0.9772274402637603,0.9110024838534224,12.06636676259787,-23.6,-0.1
0.980232512125885,0.9141685159388865,12.07546038006345,-23.6,-0.05
0.9832282710964805,0.9173234832442132,12.08455399752902,-23.6,0.0
0.986214802043,0.9204674995453532,12.0936476149946,-23.6,0.05
0.9891921885481316,0.9236006766767997,12.10274123246018,-23.6,0.1
0.9921605129368734,0.9267231245776694,12.11183484992576,-23.6,0.15
0.9951198563028807,0.9298349513363883,12.12092846739134,-23.6,0.2
0.8586502846043498,0.7873311695218423,11.3920301549114,-22.9,-2.0
0.8620796647314215,0.7910042033488699,11.40112377237697,-22.9,-1.95
0.8654953107130843,0.794660101150874,11.41021738984255,-22.9,-1.9
0.8688973845166211,0.798299098356777,11.41931100730813,-22.9,-1.85
0.8722860449439168,0.8019214250435999,11.42840462477371,-22.9,-1.8
0.8756614477174186,0.8055273061052999,11.43749824223929,-22.9,-1.75
0.8790237455631211,0.8091169614148215,11.44659185970487,-22.9,-1.7
0.8823730882906964,0.8126906059796896,11.45568547717044,-22.9,-1.65
0.8857096228708887,0.8162484500914564,11.46477909463602,-22.9,-1.6
0.8890334935102906,0.8197906994692997,11.4738727121016,-22.9,-1.55
0.8923448417236022,0.8233175553980442,11.48296632956718,-22.9,-1.5
0.8956438064034821,0.8268292148608731,11.49205994703276,-22.9,-1.45
0.8989305238880835,0.8303258706669768,11.50115356449833,-22.9,-1.4
0.9022051280263703,0.8338077115743696,11.51024718196391,-22.9,-1.35
0.9054677502413012,0.8372749224081001,11.51934079942949,-22.9,-1.3
0.9087185195909655,0.8407276841740623,11.52843441689507,-22.9,-1.25
0.9119575628277544,0.8441661741686066,11.53752803436065,-22.9,-1.2
0.9151850044556391,0.8475905660841393,11.54662165182622,-22.9,-1.15
0.918400966785634,0.8510010301108865,11.5557152692918,-22.9,-1.1
0.921605569989513,0.854397733034994,11.56480888675738,-22.9,-1.05
0.9247989321518446,0.8577808383331215,11.57390250422296,-22.9,-1.0
0.9279811693204112,0.8611505062636828,11.58299612168854,-22.9,-0.95
0.9311523955550737,0.864506893954878,11.59208973915411,-22.9,-0.9
0.9343127229751373,0.8678501554896519,11.60118335661969,-22.9,-0.85
0.937462261805278,0.8711804419877114,11.61027697408527,-22.9,-0.8
0.9406011204200794,0.8744979016847233,11.61937059155085,-22.9,-0.75
0.9437294053872319,0.877802680008812,11.62846420901643,-22.9,-0.7
0.9468472215094454,0.8810949196544662,11.637557826482,-22.9,-0.65
0.9499546718651182,0.8843747606539643,11.64665144394758,-22.9,-0.6
0.9530518578478091,0.8876423404464164,11.65574506141316,-22.9,-0.55
0.9561388792045566,0.8908977939445218,11.66483867887874,-22.9,-0.5
0.9592158340730825,0.8941412535991328,11.67393229634432,-22.9,-0.45
0.9622828190179238,0.8973728494617108,11.68302591380989,-22.9,-0.4
0.9653399290655255,0.9005927092447622,11.69211953127547,-22.9,-0.35
0.9683872577383358,0.9038009583803284,11.70121314874105,-22.9,-0.3
0.9714248970879339,0.9069977200766097,11.71030676620663,-22.9,-0.25
0.974452937727226,0.9101831153727942,11.71940038367221,-22.9,-0.2
0.9774714688617401,0.9133572631921589,11.72849400113778,-22.9,-0.15
0.9804805783200519,0.916520280393514,11.73758761860336,-22.9,-0.1
0.983480352583369,0.9196722818210457,11.74668123606894,-22.9,-0.05
0.9864708768143037,0.9228133803526263,11.75577485353452,-22.9,0.0
0.9894522348848593,0.9259436869466425,11.7648684710001,-22.9,0.05
0.9924245094036593,0.9290633106873997,11.77396208846567,-22.9,0.1
0.995387781742439,0.9321723588291546,11.78305570593125,-22.9,0.15
0.9983421320618309,0.9352709368388274,11.79214932339683,-22.9,0.2
0.861958148778739,0.7932824930771573,11.06325101091689,-22.2,-2.0
0.8653796964159157,0.7969338270321951,11.07234462838247,-22.2,-1.95
0.8687876237161318,0.8005683499516079,11.08143824584805,-22.2,-1.9
0.8721820903379822,0.8041862897680414,11.09053186331363,-22.2,-1.85
0.8755632528383831,0.8077878692999327,11.0996254807792,-22.2,-1.8
0.8789312647563046,0.8113733064107737,11.10871909824478,-22.2,-1.75
0.882286276693621,0.8149428141620526,11.11781271571036,-22.2,-1.7
0.8856284363931961,0.8184966009601807,11.12690633317594,-22.2,-1.65
0.8889578888143188,0.8220348706976862,11.13599995064152,-22.2,-1.6
0.8922747762055997,0.82555782288895,11.14509356810709,-22.2,-1.55
0.8955792381754303,0.8290656528007374,11.15418718557267,-22.2,-1.5
0.8988714117601049,0.8325585515777684,11.16328080303825,-22.2,-1.45
0.9021514314896987,0.8360367063635539,11.17237442050383,-22.2,-1.4
0.9054194294517928,0.8395003004167156,11.18146803796941,-22.2,-1.35
0.9086755353531294,0.842949513222993,11.19056165543499,-22.2,-1.3
0.9119198765792811,0.8463845206031329,11.19965527290056,-22.2,-1.25
0.915152578252411,0.8498054948168422,11.20874889036614,-22.2,-1.2
0.9183737632871968,0.8532126046629818,11.21784250783172,-22.2,-1.15
0.9215835524449909,0.8566060155761632,11.2269361252973,-22.2,-1.1
0.9247820643862855,0.8599858897199066,11.23602974276288,-22.2,-1.05
0.9279694157215415,0.8633523860765068,11.24512336022845,-22.2,-1.0
0.9311457210604509,0.8667056605337503,11.25421697769403,-22.2,-0.95
0.9343110930596853,0.8700458659686168,11.26331059515961,-22.2,-0.9
0.9374656424691892,0.8733731523280899,11.27240421262519,-22.2,-0.85
0.9406094781770722,0.8766876667072022,11.28149783009077,-22.2,-0.8
0.9437427072531512,0.879989553424426,11.29059144755634,-22.2,-0.75
0.9468654349911921,0.8832789540945214,11.29968506502192,-22.2,-0.7
0.9499777649498963,0.8865560076989449,11.3087786824875,-22.2,-0.65
0.9530797989926815,0.8898208506539169,11.31787229995308,-22.2,-0.6
0.9561716373262954,0.8930736168762449,11.32696591741866,-22.2,-0.55
0.9592533785383068,0.8963144378469892,11.33605953488423,-22.2,-0.5
0.9623251196335115,0.8995434426730592,11.34515315234981,-22.2,-0.45
0.9653869560692941,0.9027607581468211,11.35424676981539,-22.2,-0.4
0.968438981789979,0.9059665088037947,11.36334038728097,-22.2,-0.35
0.9714812892602069,0.9091608169785133,11.37243400474655,-22.2,-0.3
0.9745139694973722,0.9123438028586199,11.38152762221212,-22.2,-0.25
0.9775371121031495,0.9155155845372636,11.3906212396777,-22.2,-0.2
0.9805508052941442,0.9186762780638649,11.39971485714328,-22.2,-0.15
0.9835551359316939,0.9218259974933082,11.40880847460886,-22.2,-0.1
0.9865501895508506,0.924964854933623,11.41790209207444,-22.2,-0.05
0.9895360503885723,0.9280929605922097,11.42699570954001,-22.2,0.0
0.9925128014111452,0.931210422820662,11.43608932700559,-22.2,0.05
0.9954805243408695,0.9343173481582413,11.44518294447117,-22.2,0.1
0.998439299682026,0.9374138413740483,11.45427656193675,-22.2,0.15
1.0013892067461512,0.9405000055079421,11.46337017940233,-22.2,0.2
0.8650625617476682,0.7989829182411944,10.734471866922386,-21.5,-2.0
0.8684771361934591,0.8026140081740464,10.743565484387965,-21.5,-1.95
0.8718781932556491,0.8062285879474814,10.752659101853542,-21.5,-1.9
0.8752658905094305,0.8098268786357739,10.761752719319121,-21.5,-1.85
0.8786403824855691,0.8134090964138032,10.770846336784698,-21.5,-1.8
0.8820018207521434,0.8169754527077715,10.779939954250276,-21.5,-1.75
0.8853503539934878,0.8205261543400095,10.789033571715855,-21.5,-1.7
0.8886861280864472,0.8240614036681557,10.798127189181432,-21.5,-1.65
0.8920092861740605,0.8275813987189692,10.807220806647011,-21.5,-1.6
0.8953199687367759,0.8310863333170322,10.816314424112589,-21.5,-1.55
0.898618313661298,0.8345763972085728,10.825408041578166,-21.5,-1.5
0.9019044563071618,0.8380517761806383,10.834501659043745,-21.5,-1.45
0.9051785295711272,0.8415126521758259,10.843595276509323,-21.5,-1.4
0.9084406639494776,0.8449592034027745,10.8526888939749,-21.5,-1.35
0.911690987598307,0.8483916044426058,10.86178251144048,-21.5,-1.3
0.9149296263918738,0.8518100263514955,10.870876128906056,-21.5,-1.25
0.9181567039790974,0.855214636759545,10.879969746371636,-21.5,-1.2
0.9213723418382685,0.8586055999661164,10.889063363837213,-21.5,-1.15
0.9245766593300412,0.8619830770317812,10.89815698130279,-21.5,-1.1
0.9277697737487742,0.8653472258670326,10.90725059876837,-21.5,-1.05
0.9309518003722821,0.8686982013178972,10.916344216233947,-21.5,-1.0
0.934122852510056,0.8720361552485763,10.925437833699526,-21.5,-0.95
0.9372830415500127,0.875361236621246,10.934531451165103,-21.5,-0.9
0.9404324770038256,0.8786735915731303,10.94362506863068,-21.5,-0.85
0.9435712665508883,0.8819733634909617,10.95271868609626,-21.5,-0.8
0.946699516080965,0.8852606930829384,10.961812303561837,-21.5,-0.75
0.9498173297355695,0.8885357184482783,10.970905921027416,-21.5,-0.7
0.9529248099481256,0.8917985751444663,10.979999538492994,-21.5,-0.65
0.9560220574829449,0.8950493962522914,10.989093155958571,-21.5,-0.6
0.9591091714730727,0.8982883124387577,10.99818677342415,-21.5,-0.55
0.962186249457034,0.9015154520179561,11.00728039088973,-21.5,-0.5
0.9652533874145236,0.9047309410099764,11.01637400835531,-21.5,-0.45
0.9683106798010749,0.907934903197935,11.02546762582088,-21.5,-0.4
0.9713582195817442,0.9111274601831946,11.03456124328646,-21.5,-0.35
0.974396098263843,0.9143087314388411,11.04365486075204,-21.5,-0.3
0.9774244059287526,0.9174788343614885,11.05274847821762,-21.5,-0.25
0.9804432312628495,0.9206378843214728,11.0618420956832,-21.5,-0.2
0.9834526615875768,0.9237859947114958,11.07093571314877,-21.5,-0.15
0.986452782888684,0.9269232769937795,11.08002933061435,-21.5,-0.1
0.9894436798446682,0.9300498407457822,11.08912294807993,-21.5,-0.05
0.9924254358544404,0.9331657937045335,11.09821656554551,-21.5,0.0
0.9953981330642442,0.936271241809636,11.10731018301109,-21.5,0.05
0.9983618523938496,0.9393662892449847,11.11640380047666,-21.5,0.1
1.0013166735620471,0.9424510384792493,11.12549741794224,-21.5,0.15
1.004262675111465,0.9455255903051634,11.13459103540782,-21.5,0.2
0.8679657065375523,0.8044377787971843,10.405692722927883,-20.8,-2.0
0.871374144503444,0.8080500071546702,10.414786340393462,-20.8,-1.95
0.8747691576202112,0.8116460038710022,10.42387995785904,-20.8,-1.9
0.8781509015930166,0.8152259837416002,10.432973575324619,-20.8,-1.85
0.8815195291337967,0.8187901568568966,10.442067192790196,-20.8,-1.8
0.8848751900412296,0.8223387287454069,10.451160810255773,-20.8,-1.75
0.8882180312779755,0.8258719005112545,10.460254427721352,-20.8,-1.7
0.8915481970453039,0.8293898689664106,10.46934804518693,-20.8,-1.65
0.8948658288552145,0.8328928267578949,10.478441662652509,-20.8,-1.6
0.8981710656001545,0.8363809624901696,10.487535280118086,-20.8,-1.55
0.9014640436204279,0.839854460842947,10.496628897583664,-20.8,-1.5
0.9047448967693916,0.8433135026846188,10.505722515049243,-20.8,-1.45
0.9080137564765253,0.8467582651815055,10.51481613251482,-20.8,-1.4
0.9112707518084582,0.8501889219031109,10.523909749980398,-20.8,-1.35
0.9145160095280365,0.8536056429235599,10.533003367445977,-20.8,-1.3
0.917749654151503,0.8570085949193875,10.542096984911554,-20.8,-1.25
0.9209718080038671,0.8603979412638377,10.551190602377133,-20.8,-1.2
0.9241825912725307,0.8637738421178236,10.56028421984271,-20.8,-1.15
0.9273821220592381,0.8671364545176913,10.569377837308288,-20.8,-1.1
0.9305705164304158,0.8704859324599256,10.578471454773867,-20.8,-1.05
0.9337478884659578,0.8738224269829248,10.587565072239444,-20.8,-1.0
0.9369143503065195,0.8771460862459688,10.596658689705023,-20.8,-0.95
0.9400700121993728,0.8804570556054969,10.6057523071706,-20.8,-0.9
0.9432149825428767,0.8837554776888064,10.614845924636178,-20.8,-0.85
0.9463493679296131,0.8870414924652783,10.623939542101757,-20.8,-0.8
0.9494732731882379,0.8903152373152307,10.633033159567335,-20.8,-0.75
0.9525868014240924,0.8935768470964942,10.642126777032914,-20.8,-0.7
0.9556900540586204,0.8968264542088039,10.651220394498491,-20.8,-0.65
0.9587831308676343,0.9000641886560921,10.660314011964068,-20.8,-0.6
0.9618661300184691,0.9032901781067652,10.669407629429648,-20.8,-0.55
0.9649391481060651,0.9065045479520456,10.678501246895225,-20.8,-0.5
0.9680022801880166,0.9097074213624523,10.687594864360804,-20.8,-0.45
0.9710556198186225,0.9128989193424928,10.696688481826381,-20.8,-0.4
0.9740992590819725,0.9160791607836348,10.705782099291959,-20.8,-0.35
0.9771332886241033,0.9192482625156246,10.714875716757538,-20.8,-0.3
0.9801577976842563,0.9224063393562134,10.723969334223115,-20.8,-0.25
0.9831728741252661,0.9255535041593511,10.733062951688693,-20.8,-0.2
0.9861786044631115,0.9286898678619072,10.742156569154272,-20.8,-0.15
0.9891750738956541,0.9318155395289716,10.751250186619849,-20.8,-0.1
0.9921623663305942,0.9349306263977872,10.760343804085428,-20.8,-0.05
0.9951405644126685,0.9380352339203673,10.769437421551006,-20.8,0.0
0.9981097495501151,0.9411294658048414,10.778531039016583,-20.8,0.05
1.0010700019404297,0.9442134240555802,10.787624656482162,-20.8,0.1
1.0040214005954344,0.9472872090121394,10.79671827394774,-20.8,0.15
1.006964023365688,0.9503509193870668,10.805811891413319,-20.8,0.2
0.870669596465533,0.8096520380802528,10.076913578933375,-20.1,-2.0
0.8740727142657255,0.8132467205618136,10.086007196398954,-20.1,-1.95
0.8774624897218344,0.8168254291292424,10.095100813864532,-20.1,-1.9
0.8808390768718293,0.8203883728273983,10.10419443133011,-20.1,-1.85
0.8842026268059724,0.8239357561722822,10.113288048795688,-20.1,-1.8
0.8875532877452124,0.8274677792872561,10.122381666261266,-20.1,-1.75
0.8908912051169201,0.8309846380340403,10.131475283726845,-20.1,-1.7
0.894216521628073,0.8344865241387278,10.140568901192422,-20.1,-1.65
0.8975293773359903,0.8379736253130494,10.149662518658001,-20.1,-1.6
0.9008299097167232,0.8414461253711037,10.158756136123579,-20.1,-1.55
0.9041182537311907,0.8449042043417586,10.167849753589156,-20.1,-1.5
0.9073945418891523,0.8483480385769192,10.176943371054735,-20.1,-1.45
0.9106589043111039,0.8517778008558456,10.186036988520312,-20.1,-1.4
0.9139114687881779,0.8551936604856961,10.195130605985891,-20.1,-1.35
0.9171523608401267,0.8585957833984607,10.204224223451469,-20.1,-1.3
0.9203817037714626,0.8619843322444426,10.213317840917046,-20.1,-1.25
0.9235996187258261,0.8653594664824367,10.222411458382625,-20.1,-1.2
0.926806224738651,0.8687213424667465,10.231505075848203,-20.1,-1.15
0.9300016387881902,0.8720701135311735,10.24059869331378,-20.1,-1.1
0.9331859758449635,0.8754059300701076,10.24969231077936,-20.1,-1.05
0.9363593489196886,0.8787289396168396,10.258785928244937,-20.1,-1.0
0.93952186910975,0.8820392869192105,10.267879545710516,-20.1,-0.95
0.9426736456442611,0.8853371140127089,10.276973163176093,-20.1,-0.9
0.9458147859277708,0.8886225602911193,10.28606678064167,-20.1,-0.85
0.9489453955826627,0.8918957625748226,10.29516039810725,-20.1,-0.8
0.9520655784902985,0.8951568551768421,10.304254015572827,-20.1,-0.75
0.9551754368309445,0.898405969966725,10.313347633038406,-20.1,-0.7
0.958275071122532,0.9016432364323479,10.322441250503983,-20.1,-0.65
0.9613645802582861,0.9048687817397253,10.33153486796956,-20.1,-0.6
0.9644440615432687,0.9080827307909005,10.34062848543514,-20.1,-0.55
0.9675136107298702,0.9112852062799947,10.349722102900717,-20.1,-0.5
0.9705733220522876,0.9144763287474831,10.358815720366294,-20.1,-0.45
0.9736232882600261,0.917656216632768,10.367909337831874,-20.1,-0.4
0.9766636006504527,0.9208249863251137,10.377002955297451,-20.1,-0.35
0.979694349100441,0.9239827522130022,10.38609657276303,-20.1,-0.3
0.9827156220971329,0.9271296267319752,10.395190190228607,-20.1,-0.25
0.9857275067678503,0.9302657204110114,10.404283807694185,-20.1,-0.2
0.9887300889091818,0.9333911419174993,10.413377425159764,-20.1,-0.15
0.9917234530152765,0.9365059981008542,10.422471042625341,-20.1,-0.1
0.9947076823053682,0.9396103940348307,10.43156466009092,-20.1,-0.05
0.9976828587505551,0.9427044330585762,10.440658277556498,-20.1,0.0
1.0006490630998617,0.9457882168164721,10.449751895022075,-20.1,0.05
1.0036063749056061,0.9488618452968066,10.458845512487654,-20.1,0.1
1.0065548725480897,0.9519254168693203,10.467939129953232,-20.1,0.15
1.009494633259642,0.9549790283216623,10.47703274741881,-20.1,0.2
0.8731760825801991,0.8146303162019527,9.748134434938871,-19.4,-2.0
0.8765746781849358,0.8182087077530118,9.75722805240445,-19.4,-1.95
0.8799600042675426,0.8217713637265552,9.766321669870027,-19.4,-1.9
0.8833322133923524,0.8253184879001196,9.775415287335607,-19.4,-1.85
0.8866914552161421,0.8288502796820825,9.784508904801184,-19.4,-1.8
0.8900378765651471,0.832366934241733,9.793602522266761,-19.4,-1.75
0.8933716215094708,0.8358686426344067,9.80269613973234,-19.4,-1.7
0.8966928314349987,0.8393555919219092,9.811789757197918,-19.4,-1.65
0.9000016451129175,0.842827965288445,9.820883374663497,-19.4,-1.6
0.9032981987669351,0.8462859421522555,9.829976992129074,-19.4,-1.55
0.9065826261382963,0.8497296982731569,9.839070609594652,-19.4,-1.5
0.9098550585486784,0.8531594058561615,9.84816422706023,-19.4,-1.45
0.9131156249610544,0.8565752336513562,9.857257844525808,-19.4,-1.4
0.9163644520386002,0.8599773470502007,9.866351461991385,-19.4,-1.35
0.9196016642017235,0.8633659081784013,9.875445079456965,-19.4,-1.3
0.922827383683289,0.86674107598551,9.884538696922542,-19.4,-1.25
0.9260417305821036,0.8701030063313835,9.893632314388121,-19.4,-1.2
0.9292448229147363,0.8734518520696448,9.902725931853698,-19.4,-1.15
0.9324367766657268,0.8767877631282629,9.911819549319276,-19.4,-1.1
0.9356177058362514,0.8801108865873785,9.920913166784855,-19.4,-1.05
0.9387877224912983,0.8834213667544888,9.930006784250432,-19.4,-1.0
0.9419469368054106,0.8867193452370966,9.939100401716011,-19.4,-0.95
0.9450954571070493,0.8900049610129319,9.948194019181589,-19.4,-0.9
0.9482333899216255,0.8932783504978415,9.957287636647166,-19.4,-0.85
0.9513608400132524,0.8965396476114413,9.966381254112745,-19.4,-0.8
0.9544779104252616,0.8997889838406219,9.975474871578323,-19.4,-0.75
0.9575847025195293,0.9030264883009909,9.984568489043902,-19.4,-0.7
0.9606813160146532,0.9062522877963336,9.993662106509479,-19.4,-0.65
0.9637678490230234,0.9094665068761724,10.002755723975056,-19.4,-0.6
0.966844398086824,0.9126692678914929,10.011849341440636,-19.4,-0.55
0.9699110582130043,0.9158606910487148,10.020942958906213,-19.4,-0.5
0.9729679229072535,0.9190408944619679,10.030036576371792,-19.4,-0.45
0.9760150842070165,0.9222099942037428,10.03913019383737,-19.4,-0.4
0.9790526327135805,0.9253681043539753,10.048223811302947,-19.4,-0.35
0.9820806576232652,0.9285153370476228,10.057317428768526,-19.4,-0.3
0.9850992467577497,0.9316518025207918,10.066411046234103,-19.4,-0.25
0.98810848659356,0.934777609155466,10.07550466369968,-19.4,-0.2
0.9911084622907496,0.9378928635228901,10.08459828116526,-19.4,-0.15
0.9940992577207979,0.9409976704256569,10.093691898630837,-19.4,-0.1
0.9970809554937541,0.9440921329385433,10.102785516096416,-19.4,-0.05
1.0000536369846484,0.9471763524481447,10.111879133561994,-19.4,0.0
1.0030173823591972,0.950250428691345,10.12097275102757,-19.4,0.05
1.0059722705988268,0.9533144597926679,10.13006636849315,-19.4,0.1
1.0089183795250287,0.9563685423005489,10.139159985958727,-19.4,0.15
1.011855785823084,0.9594127712225619,10.148253603424306,-19.4,0.2
0.8754868603623807,0.8193769144169899,9.419355290944367,-18.7,-2.0
0.8788817153306933,0.8229402146435606,9.428448908409946,-18.7,-1.95
0.8822633642221885,0.8264879994931933,9.437542525875523,-18.7,-1.9
0.8856319583129749,0.8300204679196295,9.446636143341102,-18.7,-1.85
0.8889876460066727,0.8335378146523225,9.45572976080668,-18.7,-1.8
0.8923305729102212,0.8370402303209847,9.464823378272257,-18.7,-1.75
0.8956608819071373,0.8405279015754524,9.473916995737836,-18.7,-1.7
0.8989787132283208,0.844001011201082,9.483010613203414,-18.7,-1.65
0.9022842045205116,0.8474597382298777,9.492104230668993,-18.7,-1.6
0.9055774909124931,0.8509042580475465,9.50119784813457,-18.7,-1.55
0.9088587050791279,0.854334742496656,9.510291465600147,-18.7,-1.5
0.9121279773033172,0.8577513599760702,9.519385083065727,-18.7,-1.45
0.915385435535961,0.861154275536827,9.528478700531304,-18.7,-1.4
0.9186312054540007,0.8645436509746084,9.537572317996883,-18.7,-1.35
0.9218654105166156,0.8679196449189536,9.54666593546246,-18.7,-1.3
0.9250881720196487,0.871282412919352,9.555759552928038,-18.7,-1.25
0.9282996091483239,0.8746321075283499,9.564853170393617,-18.7,-1.2
0.9314998390283249,0.8779688783817946,9.573946787859194,-18.7,-1.15
0.9346889767752953,0.8812928722763385,9.583040405324772,-18.7,-1.1
0.9378671355428181,0.8846042332443135,9.59213402279035,-18.7,-1.05
0.9410344265689335,0.887903102626086,9.601227640255928,-18.7,-1.0
0.9441909592212485,0.8911896191399944,9.610321257721507,-18.7,-0.95
0.947336841040688,0.8944639189499685,9.619414875187084,-18.7,-0.9
0.9504721777839409,0.8977261357309212,9.628508492652662,-18.7,-0.85
0.9535970734646438,0.9009764007320044,9.637602110118241,-18.7,-0.8
0.9567116303933534,0.9042148428378133,9.646695727583818,-18.7,-0.75
0.9598159492163445,0.9074415886276176,9.655789345049397,-18.7,-0.7
0.9629101289532815,0.9106567624326994,9.664882962514975,-18.7,-0.65
0.965994267033799,0.9138604863918707,9.673976579980552,-18.7,-0.6
0.9690684593330323,0.9170528805052387,9.683070197446131,-18.7,-0.55
0.9721328002061324,0.9202340626862895,9.692163814911709,-18.7,-0.5
0.9751873825218023,0.92340414881235,9.701257432377286,-18.7,-0.45
0.9782322976948884,0.9265632527734933,9.710351049842865,-18.7,-0.4
0.9812676357180574,0.9297114865199424,9.719444667308442,-18.7,-0.35
0.9842934851925927,0.9328489601080306,9.728538284774022,-18.7,-0.3
0.987309933358337,0.9359757817447717,9.737631902239599,-18.7,-0.25
0.990317066122813,0.939092057831088,9.746725519705176,-18.7,-0.2
0.9933149680895466,0.9421978930037507,9.755819137170755,-18.7,-0.15
0.9963037225856213,0.9452933901760744,9.764912754636333,-18.7,-0.1
0.9992834116884883,0.9483786505774122,9.774006372101912,-18.7,-0.05
1.002254116252057,0.9514537737914963,9.78309998956749,-18.7,0.0
1.0052159159320886,0.9545188577936607,9.792193607033067,-18.7,0.05
1.0081688892109169,0.9575739989869915,9.801287224498646,-18.7,0.1
1.0111131134215139,0.9606192922374355,9.810380841964223,-18.7,0.15
1.014048664770932,0.9636548309079102,9.819474459429802,-18.7,0.2
0.8776034757455565,0.8238958369722159,9.09057614694986,-18.0,-2.0
0.8809953570516971,0.8274451950484412,9.09966976441544,-18.0,-1.95
0.8843740866190064,0.8309792409368276,9.108763381881017,-18.0,-1.9
0.887739814613688,0.8344981691757799,9.117856999346596,-18.0,-1.85
0.8910926883596776,0.8380021702108532,9.126950616812174,-18.0,-1.8
0.8944328524134152,0.8414914305143337,9.136044234277751,-18.0,-1.75
0.8977604486361093,0.8449661327003637,9.14513785174333,-18.0,-1.7
0.901075616263589,0.8484264556358119,9.154231469208908,-18.0,-1.65
0.9043784919738496,0.8518725745470812,9.163325086674487,-18.0,-1.6
0.9076692099523761,0.8553046611230339,9.172418704140064,-18.0,-1.55
0.9109479019553399,0.8587228836142029,9.181512321605641,-18.0,-1.5
0.9142146973707487,0.8621274069284567,9.19060593907122,-18.0,-1.45
0.9174697232776307,0.8655183927232665,9.199699556536798,-18.0,-1.4
0.9207131045033321,0.8688959994947248,9.208793174002377,-18.0,-1.35
0.9239449636789976,0.8722603826634545,9.217886791467954,-18.0,-1.3
0.9271654212933059,0.8756116946575374,9.226980408933532,-18.0,-1.25
0.9303745957445266,0.8789500849925902,9.23607402639911,-18.0,-1.2
0.9335726033909619,0.8822757003491071,9.245167643864688,-18.0,-1.15
0.936759558599833,0.8855886846471797,9.254261261330265,-18.0,-1.1
0.9399355737946714,0.888889179118705,9.263354878795845,-18.0,-1.05
0.9431007595012696,0.8921773223771816,9.272448496261422,-18.0,-1.0
0.9462552243922427,0.8954532504851934,9.281542113727001,-18.0,-0.95
0.9493990753302558,0.8987170970196731,9.290635731192578,-18.0,-0.9
0.9525324174099611,0.9019689931350341,9.299729348658156,-18.0,-0.85
0.9556553539986959,0.9052090676242559,9.308822966123735,-18.0,-0.8
0.9587679867759824,0.9084374469780024,9.317916583589312,-18.0,-0.75
0.9618704157718733,0.9116542554418513,9.327010201054891,-18.0,-0.7
0.9649627394041863,0.9148596150717061,9.336103818520469,-18.0,-0.65
0.9680450545146623,0.9180536457874633,9.345197435986046,-18.0,-0.6
0.9711174564040892,0.9212364654249986,9.354291053451625,-18.0,-0.55
0.9741800388664251,0.9244081897865386,9.363384670917203,-18.0,-0.5
0.9772328942219556,0.9275689326894764,9.37247828838278,-18.0,-0.45
0.9802761133495189,0.930718806013692,9.381571905848359,-18.0,-0.4
0.983309785717831,0.9338579197474309,9.390665523313936,-18.0,-0.35
0.98633399941594,0.9369863820317962,9.399759140779516,-18.0,-0.3
0.9893488411828405,0.9401042992039019,9.408852758245093,-18.0,-0.25
0.992354396436275,0.9432117758387418,9.41794637571067,-18.0,-0.2
0.9953507493007511,0.9463089147898138,9.42703999317625,-18.0,-0.15
0.9983379826347983,0.9493958172285499,9.436133610641827,-18.0,-0.1
1.0013161780574906,0.9524725826825914,9.445227228107406,-18.0,-0.05
1.0042854159742582,0.955539309072952,9.454320845572983,-18.0,0.0
1.0072457756020166,0.9585960927501072,9.46341446303856,-18.0,0.05
1.0101973349936215,0.9616430285290474,9.47250808050414,-18.0,0.1
1.0131401710616903,0.9646802097233329,9.481601697969717,-18.0,0.15
1.0160743596017943,0.9677077281781815,9.490695315435296,-18.0,0.2
0.8795273305080471,0.8281908107297594,8.761797002955358,-17.3,-2.0
0.8829169922745285,0.831727329860179,8.770890620420937,-17.3,-1.95
0.8862935477674294,0.8352487239894827,8.779984237886515,-17.3,-1.9
0.8896571462152385,0.8387551836181781,8.789077855352094,-17.3,-1.85
0.8930079340297582,0.842246895273148,8.798171472817671,-17.3,-1.8
0.8963460548800001,0.8457240416227622,8.807265090283249,-17.3,-1.75
0.8996716497636081,0.849186801587737,8.816358707748828,-17.3,-1.7
0.9029848570759054,0.8526353504479337,8.825452325214405,-17.3,-1.65
0.9062858126766651,0.856069859945273,8.834545942679984,-17.3,-1.6
0.9095746499546927,0.8594904983829413,8.843639560145562,-17.3,-1.55
0.9128514998903103,0.8628974307210466,8.852733177611139,-17.3,-1.5
0.9161164911158217,0.8662908186688801,8.861826795076718,-17.3,-1.45
0.9193697499740409,0.8696708207739309,8.870920412542295,-17.3,-1.4
0.9226114005749574,0.8730375925077886,8.880014030007874,-17.3,-1.35
0.9258415648506104,0.8763912863490697,8.889107647473452,-17.3,-1.3
0.9290603626082423,0.8797320518634908,8.89820126493903,-17.3,-1.25
0.9322679115817937,0.8830600357812073,8.907294882404607,-17.3,-1.2
0.9354643274818064,0.8863753820715324,8.916388499870186,-17.3,-1.15
0.9386497240437917,0.889678232015144,8.925482117335765,-17.3,-1.1
0.9418242130751221,0.8929687242738784,8.934575734801342,-17.3,-1.05
0.9449879045005014,0.896246994958216,8.94366935226692,-17.3,-1.0
0.9481409064060643,0.8995131776925427,8.952762969732497,-17.3,-0.95
0.951283325082158,0.9027674036782831,8.961856587198076,-17.3,-0.9
0.9544152650648503,0.906009801754986,8.970950204663655,-17.3,-0.85
0.9575368291762147,0.9092404984594444,8.980043822129232,-17.3,-0.8
0.9606481185634307,0.9124596180829252,8.98913743959481,-17.3,-0.75
0.9637492327367465,0.9156672827265837,8.998231057060387,-17.3,-0.7
0.9668402696063424,0.9188636123551317,9.007324674525966,-17.3,-0.65
0.9699213255181325,0.9220487248488264,9.016418291991544,-17.3,-0.6
0.9729924952885435,0.9252227360538439,9.025511909457123,-17.3,-0.55
0.9760538722383054,0.9283857598310972,9.0346055269227,-17.3,-0.5
0.9791055482252885,0.9315379081035592,9.043699144388277,-17.3,-0.45
0.9821476136764189,0.9346792909021444,9.052792761853857,-17.3,-0.4
0.985180157618704,0.9378100164102028,9.061886379319434,-17.3,-0.35
0.9882032677093987,0.9409301910066776,9.070979996785013,-17.3,-0.3
0.9912170302653407,0.9440399193079759,9.08007361425059,-17.3,-0.25
0.994221530291483,0.9471393042085972,9.089167231716168,-17.3,-0.2
0.9972168515086494,0.9502284469205655,9.098260849181747,-17.3,-0.15
1.0002030763805407,0.9533074470117096,9.107354466647324,-17.3,-0.1
1.0031802861400143,0.9563764024428276,9.116448084112903,-17.3,-0.05
1.0061485608146608,0.9594354096037817,9.12554170157848,-17.3,0.0
1.0091079792517024,0.9624845633485537,9.134635319044058,-17.3,0.05
1.0120586191422334,0.9655239570293038,9.143728936509637,-17.3,0.1
1.0150005570448235,0.9685536825294623,9.152822553975215,-17.3,0.15
1.0179338684085082,0.9715738302958908,9.161916171440794,-17.3,0.2
0.8812596870826266,0.8322653028155813,8.433017858960852,-16.6,-2.0
0.8846478722316464,0.8357900443056023,8.442111476426431,-16.6,-1.95
0.88802298790154,0.8392998328848869,8.451205093892009,-16.6,-1.9
0.8913851825500392,0.8427948553660173,8.460298711357588,-16.6,-1.85
0.8947346018393072,0.8462752946960237,8.469392328823165,-16.6,-1.8
0.89807138870911,0.8497413300674779,8.478485946288743,-16.6,-1.75
0.9013956834475433,0.8531931370255155,8.487579563754322,-16.6,-1.7
0.9047076237594149,0.8566308875709667,8.496673181219899,-16.6,-1.65
0.9080073448323749,0.8600547502597687,8.505766798685478,-16.6,-1.6
0.9112949794008856,0.8634648902988201,8.514860416151055,-16.6,-1.55
0.914570657808116,0.8668614696384319,8.523954033616633,-16.6,-1.5
0.9178345080658433,0.8702446470615258,8.533047651082212,-16.6,-1.45
0.921086655912437,0.8736145782697116,8.54214126854779,-16.6,-1.4
0.9243272248690029,0.8769714159663821,8.551234886013368,-16.6,-1.35
0.9275563362937571,0.8803153099369483,8.560328503478946,-16.6,-1.3
0.930774109434696,0.8836464071263337,8.569422120944523,-16.6,-1.25
0.9339806614806294,0.8869648517138432,8.5785157384101,-16.6,-1.2
0.9371761076106376,0.8902707851855133,8.58760935587568,-16.6,-1.15
0.940360561042011,0.8935643464040459,8.596702973341259,-16.6,-1.1
0.9435341330767293,0.8968456716764249,8.605796590806836,-16.6,-1.05
0.9466969331465339,0.9001148948193085,8.614890208272413,-16.6,-1.0
0.9498490688566472,0.9033721472222843,8.62398382573799,-16.6,-0.95
0.952990646028184,0.9066175579090751,8.63307744320357,-16.6,-0.9
0.9561217687393065,0.9098512535967725,8.642171060669149,-16.6,-0.85
0.9592425393651665,0.9130733587531785,8.651264678134726,-16.6,-0.8
0.962353058616678,0.9162839956523259,8.660358295600304,-16.6,-0.75
0.9654534255781613,0.9194832844282497,8.669451913065881,-16.6,-0.7
0.9685437377439006,0.9226713431270748,8.67854553053146,-16.6,-0.65
0.9716240910536514,0.9258482877574855,8.68763914799704,-16.6,-0.6
0.9746945799271337,0.9290142323396365,8.696732765462617,-16.6,-0.55
0.9777552972975487,0.9321692889525642,8.705826382928194,-16.6,-0.5
0.9808063346441502,0.9353135677801553,8.714920000393771,-16.6,-0.45
0.9838477820239048,0.9384471771557236,8.72401361785935,-16.6,-0.4
0.9868797281022695,0.9415702236052484,8.73310723532493,-16.6,-0.35
0.9899022601831207,0.9446828118893229,8.742200852790507,-16.6,-0.3
0.9929154642378579,0.9477850450438575,8.751294470256084,-16.6,-0.25
0.9959194249337142,0.9508770244195857,8.760388087721662,-16.6,-0.2
0.9989142256612966,0.9539588497204123,8.769481705187241,-16.6,-0.15
1.0018999485613846,0.957030619040649,8.778575322652818,-16.6,-0.1
1.004876674551007,0.9600924289011721,8.787668940118396,-16.6,-0.05
1.0078444833488276,0.963144374284544,8.796762557583975,-16.6,0.0
1.0108034534998522,0.9661865486691315,8.805856175049552,-16.6,0.05
1.0137536623994905,0.9692190440622588,8.814949792515131,-16.6,0.1
1.016695186316981,0.9722419510324262,8.824043409980709,-16.6,0.15
1.0196281004182113,0.975255358740626,8.833137027446288,-16.6,0.2
0.8828016728233774,0.836122536510429,8.104238714966348,-15.9,-2.0
0.8861891146574111,0.8396365234914482,8.113332332431927,-15.9,-1.95
0.889563515307034,0.843135715369457,8.122425949897504,-15.9,-1.9
0.8929250226217866,0.8466202955947344,8.131519567363082,-15.9,-1.85
0.8962737816724404,0.850090443849861,8.14061318482866,-15.9,-1.8
0.8996099348235909,0.8535463361572004,8.149706802294238,-15.9,-1.75
0.9029336218038302,0.8569881449824708,8.158800419759817,-15.9,-1.7
0.9062449797735974,0.8604160393345774,8.167894037225395,-15.9,-1.65
0.909544143390799,0.8638301848618711,8.176987654690972,-15.9,-1.6
0.9128312448742899,0.8672307439449877,8.18608127215655,-15.9,-1.55
0.9161064140652974,0.8706178757864141,8.195174889622129,-15.9,-1.5
0.9193697784868714,0.8739917364969235,8.204268507087706,-15.9,-1.45
0.9226214634014367,0.8773524791790107,8.213362124553285,-15.9,-1.4
0.9258615918665205,0.8807002540074541,8.222455742018862,-15.9,-1.35
0.9290902847887252,0.8840352083071241,8.23154935948444,-15.9,-1.3
0.9323076609760165,0.8873574866281547,8.240642976950019,-15.9,-1.25
0.935513837188385,0.8906672308185812,8.249736594415596,-15.9,-1.2
0.9387089281869486,0.8939645800945542,8.258830211881174,-15.9,-1.15
0.9418930467815507,0.897249671108223,8.267923829346753,-15.9,-1.1
0.94506630387691,0.9005226380133843,8.27701744681233,-15.9,-1.05
0.948228808517377,0.9037836125289859,8.286111064277907,-15.9,-1.0
0.9513806679303471,0.9070327240005689,8.295204681743487,-15.9,-0.95
0.9545219875683805,0.9102700994597313,8.304298299209066,-15.9,-0.9
0.957652871150073,0.9134958636816889,8.313391916674643,-15.9,-0.85
0.9607734206997266,0.9167101392410086,8.32248553414022,-15.9,-0.8
0.9638837365858594,0.9199130465655831,8.331579151605798,-15.9,-0.75
0.966983917558597,0.9231047039889164,8.340672769071377,-15.9,-0.7
0.9700740607859865,0.9262852278007817,8.349766386536956,-15.9,-0.65
0.9731542618892672,0.9294547322963157,8.358860004002533,-15.9,-0.6
0.9762246149771394,0.9326133298236062,8.36795362146811,-15.9,-0.55
0.9792852126790604,0.9357611308298299,8.377047238933688,-15.9,-0.5
0.9823361461776056,0.9388982439059934,8.386140856399267,-15.9,-0.45
0.9853775052399238,0.94202477583033,8.395234473864845,-15.9,-0.4
0.9884093782483203,0.9451408316103994,8.404328091330424,-15.9,-0.35
0.9914318522299932,0.9482465145239397,8.413421708796001,-15.9,-0.3
0.9944450128859552,0.9513419261585141,8.422515326261578,-15.9,-0.25
0.9974489446191664,0.954427166449998,8.43160894372716,-15.9,-0.2
1.0004437305619036,0.9575023337199452,8.440702561192737,-15.9,-0.15
1.003429452602393,0.9605675247118756,8.449796178658314,-15.9,-0.1
1.0064061914107276,0.9636228346265183,8.458889796123891,-15.9,-0.05
1.0093740264640967,0.9666683571560527,8.467983413589469,-15.9,0.0
1.0123330360713454,0.9697041845173745,8.477077031055048,-15.9,0.05
1.0152832973968906,0.9727304074844272,8.486170648520627,-15.9,0.1
1.0182248864840056,0.9757471154196264,8.495264265986204,-15.9,0.15
1.0211578782775061,0.9787543963044114,8.504357883451782,-15.9,0.2
0.8841542837644146,0.8397655055710394,7.775459570971842,-15.2,-2.0
0.8875417074859188,0.8432697264207208,7.78455318843742,-15.2,-1.95
0.8909161099596662,0.84675929642311,7.793646805902998,-15.2,-1.9
0.8942776385859689,0.8502343959702124,7.802740423368576,-15.2,-1.85
0.8976264379989698,0.8536952017747859,7.811834040834154,-15.2,-1.8
0.9009626501387995,0.8571418869745789,7.820927658299732,-15.2,-1.75
0.90428641432133,0.8605746212328016,7.83002127576531,-15.2,-1.7
0.9075978673056235,0.863993570834996,7.839114893230888,-15.2,-1.65
0.9108971433591682,0.8673988987824591,7.848208510696466,-15.2,-1.6
0.9141843743209892,0.8707907648823726,7.857302128162044,-15.2,-1.55
0.9174596896627193,0.8741693258347727,7.866395745627623,-15.2,-1.5
0.9207232165477074,0.877534735316502,7.8754893630932,-15.2,-1.45
0.9239750798882449,0.8808871440622653,7.884582980558778,-15.2,-1.4
0.927215402400979,0.8842266999429129,7.893676598024356,-15.2,-1.35
0.9304443046605848,0.8875535480410649,7.902770215489935,-15.2,-1.3
0.933661905151762,0.890867830724188,7.911863832955513,-15.2,-1.25
0.9368683203196195,0.8941696877152272,7.92095745042109,-15.2,-1.2
0.9400636646185094,0.8974592561608923,7.930051067886668,-15.2,-1.15
0.9432480505593671,0.900736670697694,7.939144685352247,-15.2,-1.1
0.9464215887556139,0.904002063515819,7.948238302817825,-15.2,-1.05
0.9495843879676745,0.9072555644209301,7.957331920283402,-15.2,-1.0
0.9527365551461613,0.9104973008939735,7.966425537748981,-15.2,-0.95
0.9558781954737721,0.9137273981490707,7.975519155214559,-15.2,-0.9
0.9590094124059492,0.9169459791895694,7.984612772680137,-15.2,-0.85
0.9621303077103444,0.9201531648623261,7.993706390145715,-15.2,-0.8
0.9652409815051309,0.923349073910285,8.002800007611292,-15.2,-0.75
0.968341532296206,0.9265338230234208,8.01189362507687,-15.2,-0.7
0.9714320570133191,0.9297075268881064,8.02098724254245,-15.2,-0.65
0.9745126510451684,0.9328702982349643,8.030080860008027,-15.2,-0.6
0.9775834082734955,0.9360222478852585,8.039174477473605,-15.2,-0.55
0.9806444211062207,0.9391634847958805,8.048268094939182,-15.2,-0.5
0.9836957805096423,0.9422941161029823,8.057361712404761,-15.2,-0.45
0.9867375760397407,0.9454142471643042,8.06645532987034,-15.2,-0.4
0.9897698958726115,0.9485239816002463,8.075548947335918,-15.2,-0.35
0.9927928268340612,0.9516234213337278,8.084642564801495,-15.2,-0.3
0.9958064544283902,0.9547126666288781,8.093736182267072,-15.2,-0.25
0.9988108628663914,0.9577918161286023,8.10282979973265,-15.2,-0.2
1.0018061350925926,0.9608609668910575,8.11192341719823,-15.2,-0.15
1.0047923528117633,0.9639202144250831,8.121017034663808,-15.2,-0.1
1.0077695965147138,0.9669696527246175,8.130110652129385,-15.2,-0.05
1.0107379455034073,0.9700093743021381,8.139204269594963,-15.2,0.0
1.0136974779154064,0.9730394702211582,8.148297887060542,-15.2,0.05
1.0166482707476825,0.9760600301278134,8.157391504526121,-15.2,0.1
1.0195903998797944,0.979071142281567,8.166485121991698,-15.2,0.15
1.0225239400964716,0.9820728935850667,8.175578739457276,-15.2,0.2
0.8853183879004229,0.8431969871446173,7.446680426977339,-14.5,-2.0
0.8887065120798774,0.8466923986377676,7.455774044442917,-14.5,-1.95
0.8920816267037157,0.8501732906430204,7.464867661908494,-14.5,-1.9
0.8954438788791304,0.8536398407789878,7.473961279374072,-14.5,-1.85
0.8987934129556395,0.8570922230647986,7.483054896839651,-14.5,-1.8
0.9021303705969438,0.8605306080214289,7.492148514305229,-14.5,-1.75
0.9054548908503951,0.8639551627693943,7.501242131770807,-14.5,-1.7
0.9087671102141688,0.8673660511229617,7.510335749236384,-14.5,-1.65
0.9120671627022379,0.8707634336810304,7.519429366701963,-14.5,-1.6
0.9153551799072306,0.874147467914828,7.528522984167541,-14.5,-1.55
0.9186312910612588,0.8775183082525521,7.537616601633119,-14.5,-1.5
0.9218956230947953,0.880876106161091,7.546710219098697,-14.5,-1.45
0.9251483006936755,0.8842210102249433,7.555803836564275,-14.5,-1.4
0.9283894463542973,0.8875531662224531,7.564897454029853,-14.5,-1.35
0.9316191804370876,0.8908727171994731,7.573991071495431,-14.5,-1.3
0.9348376212183012,0.8941798035405589,7.58308468896101,-14.5,-1.25
0.9380448849402152,0.897474563037795,7.592178306426587,-14.5,-1.2
0.9412410858597813,0.9007571309573511,7.601271923892165,-14.5,-1.15
0.9444263362957893,0.9040276401038548,7.610365541357743,-14.5,-1.1
0.9476007466746021,0.9072862208826716,7.619459158823322,-14.5,-1.05
0.9507644255745105,0.9105330013601727,7.628552776288899,-14.5,-1.0
0.95391747976876,0.9137681073220694,7.637646393754477,-14.5,-0.95
0.9570600142673005,0.9169916623298919,7.646740011220055,-14.5,-0.9
0.9601921323572989,0.9202037877756801,7.655833628685634,-14.5,-0.85
0.9633139356424659,0.9234046029349584,7.664927246151212,-14.5,-0.8
0.9664255240812331,0.9265942250180584,7.674020863616789,-14.5,-0.75
0.9695269960238261,0.9297727692198526,7.683114481082367,-14.5,-0.7
0.972618448248269,0.932940348767958,7.692208098547946,-14.5,-0.65
0.9756999759953602,0.9360970749694679,7.701301716013524,-14.5,-0.6
0.9787716730026522,0.9392430572562658,7.710395333479101,-14.5,-0.55
0.9818336315374739,0.9423784032289731,7.71948895094468,-14.5,-0.5
0.9848859424290236,0.9455032186995823,7.728582568410258,-14.5,-0.45
0.9879286950995688,0.9486176077328208,7.737676185875836,-14.5,-0.4
0.9909619775947796,0.9517216726862946,7.746769803341414,-14.5,-0.35
0.9939858766132268,0.9548155142494523,7.755863420806992,-14.5,-0.3
0.9970004775350724,0.9578992314814133,7.76495703827257,-14.5,-0.25
1.0000058644499787,0.9609729218477009,7.774050655738148,-14.5,-0.2
1.0030021201842612,0.9640366812559164,7.783144273203726,-14.5,-0.15
1.0059893263273159,0.9670906040903945,7.792237890669304,-14.5,-0.1
1.0089675632573327,0.9701347832458723,7.801331508134882,-14.5,-0.05
1.011936910166331,0.9731693101602085,7.81042512560046,-14.5,0.0
1.0148974450845323,0.9761942748461832,7.819518743066038,-14.5,0.05
1.0178492449040923,0.9792097659224112,7.828612360531617,-14.5,0.1
1.020792385402212,0.9822158706433989,7.837705977997194,-14.5,0.15
1.0237269412636532,0.9852126749287717,7.846799595462772,-14.5,0.2
0.8862947280147105,0.8464195534183764,7.117901282982833,-13.8,-2.0
0.8896842660156296,0.8499070836395602,7.126994900448412,-13.8,-1.95
0.8930607979949956,0.853380213423671,7.13608851791399,-13.8,-1.9
0.8964244709208554,0.8568391178838338,7.145182135379567,-13.8,-1.85
0.8997754290080398,0.860283968605397,7.154275752845145,-13.8,-1.8
0.903113813789855,0.8637149337446619,7.163369370310724,-13.8,-1.75
0.9064397641873952,0.86713217812409,7.172462987776302,-13.8,-1.7
0.9097534165765653,0.8705358633241369,7.181556605241879,-13.8,-1.65
0.9130549048529092,0.8739261477718588,7.190650222707458,-13.8,-1.6
0.9163443604943317,0.8773031868264302,7.199743840173036,-13.8,-1.55
0.919621912621793,0.8806671328617007,7.208837457638614,-13.8,-1.5
0.9228876880580609,0.8840181353459189,7.217931075104191,-13.8,-1.45
0.92614181138459,0.8873563409187377,7.22702469256977,-13.8,-1.4
0.9293844049966059,0.8906818934656164,7.236118310035348,-13.8,-1.35
0.9326155891564593,0.8939949341897241,7.245211927500926,-13.8,-1.3
0.9358354820453181,0.8972956016814478,7.254305544966504,-13.8,-1.25
0.9390441998132597,0.9005840319856013,7.263399162432082,-13.8,-1.2
0.9422418566278224,0.9038603586664272,7.27249277989766,-13.8,-1.15
0.945428564721077,0.9071247128704801,7.281586397363238,-13.8,-1.1
0.9486044344352678,0.9103772233874751,7.290680014828816,-13.8,-1.05
0.9517695742670815,0.9136180167091796,7.299773632294394,-13.8,-1.0
0.9549240909105906,0.9168472170864294,7.308867249759972,-13.8,-0.95
0.9580680892989197,0.9200649465843344,7.31796086722555,-13.8,-0.9
0.9612016726446831,0.9232713251357516,7.327054484691129,-13.8,-0.85
0.9643249424792346,0.9264664705930854,7.336148102156707,-13.8,-0.8
0.9674379986907743,0.9296504987784812,7.345241719622284,-13.8,-0.75
0.9705409395613516,0.932823523532473,7.354335337087862,-13.8,-0.7
0.9736338618028032,0.935985656761142,7.363428954553441,-13.8,-0.65
0.9767168605916651,0.9391370084818419,7.372522572019019,-13.8,-0.6
0.9797900296030904,0.9422776868675438,7.381616189484596,-13.8,-0.55
0.9828534610438122,0.9454077982898509,7.390709806950174,-13.8,-0.5
0.9859072456841793,0.9485274473607322,7.399803424415753,-13.8,-0.45
0.9889514728893011,0.9516367369730211,7.408897041881331,-13.8,-0.4
0.9919862306493271,0.9547357683397223,7.417990659346909,-13.8,-0.35
0.9950116056088948,0.9578246410321722,7.427084276812487,-13.8,-0.3
0.99802768309577,0.9609034530170908,7.436177894278065,-13.8,-0.25
1.001034547148708,0.9639723006925645,7.445271511743643,-13.8,-0.2
1.004032280544563,0.9670312789229994,7.454365129209221,-13.8,-0.15
1.0070209648246664,0.9700804810730793,7.463458746674799,-13.8,-0.1
1.0100006803205026,0.9731199990407612,7.472552364140377,-13.8,-0.05
1.0129715061786986,0.9761499232893449,7.481645981605955,-13.8,0.0
1.0159335203853617,0.979170342878646,7.490739599071533,-13.8,0.05
1.0188867997897681,0.982181345495304,7.499833216537112,-13.8,0.1
1.021831420127442,0.9851830174822518,7.508926834002689,-13.8,0.15
1.02476745604263,0.9881754438673797,7.518020451468267,-13.8,0.2
0.8870839240766134,0.8494355821276824,6.789122138988328,-13.1,-2.0
0.8904755854456566,0.8529161331730428,6.798215756453907,-13.1,-1.95
0.8938542362292613,0.8563823910495275,6.807309373919484,-13.1,-1.9
0.8972200234088602,0.8598345286176547,6.816402991385062,-13.1,-1.85
0.9005730912131366,0.8632727152743633,6.82549660885064,-13.1,-1.8
0.9039135811896852,0.8666971170494271,6.834590226316219,-13.1,-1.75
0.9072416322742956,0.8701078966984461,6.843683843781797,-13.1,-1.7
0.9105573808579462,0.8735052137925611,6.852777461247374,-13.1,-1.65
0.9138609608516096,0.8768892248050324,6.861871078712952,-13.1,-1.6
0.9171525037489456,0.8802600831948149,6.870964696178531,-13.1,-1.55
0.9204321386869764,0.8836179394872553,6.880058313644109,-13.1,-1.5
0.923699992504813,0.8869629413520342,6.889151931109687,-13.1,-1.45
0.9269561898005162,0.8902952336784636,6.898245548575265,-13.1,-1.4
0.9302008529861595,0.893614958648252,6.907339166040843,-13.1,-1.35
0.9334341023411645,0.896922255805838,6.916432783506421,-13.1,-1.3
0.9366560560639755,0.9002172621263923,6.925526400971999,-13.1,-1.25
0.9398668303221344,0.9035001120815819,6.934620018437577,-13.1,-1.2
0.9430665393008167,0.906770937703185,6.943713635903155,-13.1,-1.15
0.946255295249887,0.910029868644642,6.952807253368733,-13.1,-1.1
0.9494332085295267,0.9132770322406253,6.961900870834311,-13.1,-1.05
0.9526003876544884,0.9165125535647032,6.970994488299889,-13.1,-1.0
0.9557569393370263,0.9197365554851729,6.980088105765467,-13.1,-0.95
0.9589029685285512,0.9229491587191337,6.989181723231045,-13.1,-0.9
0.9620385784600552,0.9261504818848673,6.998275340696623,-13.1,-0.85
0.9651638706813515,0.9293406415525879,7.007368958162202,-13.1,-0.8
0.9682789450991706,0.9325197522936276,7.016462575627779,-13.1,-0.75
0.9713839000141525,0.9356879267281106,7.025556193093357,-13.1,-0.7
0.9744788321567773,0.9388452755711777,7.034649810558935,-13.1,-0.65
0.9775638367222659,0.94199190767781,7.043743428024514,-13.1,-0.6
0.9806390074044913,0.9451279300863075,7.052837045490091,-13.1,-0.55
0.9837044364289326,0.948253448060467,7.061930662955669,-13.1,-0.5
0.9867602145847038,0.9513685651305127,7.071024280421248,-13.1,-0.45
0.9898064312556906,0.9544733831328168,7.080117897886826,-13.1,-0.4
0.9928431744508247,0.957568002248461,7.089211515352404,-13.1,-0.35
0.9958705308335235,0.9606525210406729,7.098305132817981,-13.1,-0.3
0.9988885857503257,0.9637270364911849,7.10739875028356,-13.1,-0.25
1.001897423258747,0.9667916440355447,7.116492367749138,-13.1,-0.2
1.004897126154382,0.9698464375974218,7.125585985214716,-13.1,-0.15
1.0078877759972809,0.97289150962194,7.134679602680293,-13.1,-0.1
1.0108694531376157,0.9759269511080702,7.143773220145872,-13.1,-0.05
1.0138422367406716,0.9789528516401179,7.15286683761145,-13.1,0.0
1.016806204811174,0.9819692994183333,7.161960455077028,-13.1,0.05
1.0197614342169776,0.9849763812886759,7.171054072542606,-13.1,0.1
1.0227080007121383,0.98797418277176,7.180147690008184,-13.1,0.15
1.0256459789593877,0.9909627880910096,7.189241307473762,-13.1,0.2
0.8876864752265199,0.8522472660306121,6.460342994993823,-12.4,-2.0
0.8910809670564328,0.8557217165232143,6.469436612459401,-12.4,-1.95
0.8944624356734948,0.8591819698019789,6.47853022992498,-12.4,-1.9
0.8978310282242884,0.8626281967144186,6.487623847390557,-12.4,-1.85
0.9011868890991447,0.8660605647016377,6.496717464856135,-12.4,-1.8
0.9045301600039071,0.8694792378926931,6.505811082321713,-12.4,-1.75
0.9078609800293117,0.8728843771956203,6.514904699787292,-12.4,-1.7
0.9111794857180773,0.8762761403852684,6.523998317252869,-12.4,-1.65
0.9144858111297988,0.8796546821880774,6.533091934718447,-12.4,-1.6
0.9177800879037314,0.8830201543639316,6.542185552184026,-12.4,-1.55
0.9210624453195478,0.8863727057852044,6.551279169649604,-12.4,-1.5
0.9243330103561473,0.8897124825131184,6.560372787115181,-12.4,-1.45
0.9275919077485957,0.8930396278715276,6.569466404580759,-12.4,-1.4
0.930839260043263,0.8963542825182272,6.578560022046338,-12.4,-1.35
0.9340751876512344,0.8996565845138933,6.587653639511916,-12.4,-1.3
0.9372998089000534,0.9029466693887469,6.596747256977494,-12.4,-1.25
0.9405132400838668,0.9062246702070336,6.605840874443071,-12.4,-1.2
0.9437155955120267,0.9094907176294057,6.61493449190865,-12.4,-1.15
0.9469069875562084,0.91274493997329,6.624028109374228,-12.4,-1.1
0.9500875266961022,0.9159874632713195,6.633121726839806,-12.4,-1.05
0.9532573215637259,0.9192184113279052,6.642215344305384,-12.4,-1.0
0.956416478986414,0.922437905774019,6.651308961770962,-12.4,-0.95
0.9595651040285278,0.9256460661202566,6.66040257923654,-12.4,-0.9
0.962703300031935,0.9288430098082474,6.669496196702118,-12.4,-0.85
0.9658311686553014,0.9320288522604707,6.678589814167696,-12.4,-0.8
0.9689488099122375,0.9352037069285415,6.687683431633274,-12.4,-0.75
0.9720563222083413,0.9383676853400215,6.696777049098852,-12.4,-0.7
0.975153802377174,0.9415208971438086,6.70587066656443,-12.4,-0.65
0.9782413457152089,0.9446634501541614,6.714964284030009,-12.4,-0.6
0.981319046015787,0.9477954503934033,6.724057901495586,-12.4,-0.55
0.9843869956021131,0.9509170021333584,6.733151518961164,-12.4,-0.5
0.9874452853593275,0.9540282079355628,6.742245136426742,-12.4,-0.45
0.9904940047656834,0.9571291686902966,6.751338753892321,-12.4,-0.4
0.99353324192286,0.9602199836544769,6.760432371357899,-12.4,-0.35
0.9965630835854415,0.9633007504884539,6.769525988823476,-12.4,-0.3
0.9995836151895889,0.9663715652917473,6.778619606289054,-12.4,-0.25
1.0025949208809315,0.9694325226377616,6.787713223754633,-12.4,-0.2
1.005597083541705,0.9724837156075135,6.796806841220211,-12.4,-0.15
1.0085901848171606,0.975525235822408,6.805900458685788,-12.4,-0.1
1.0115743051412653,0.9785571734760945,6.814994076151367,-12.4,-0.05
1.0145495237617244,0.9815796173654334,6.824087693616945,-12.4,0.0
1.01751591876434,0.9845926549206058,6.833181311082523,-12.4,0.05
1.0204735670967309,0.9875963722343921,6.842274928548101,-12.4,0.1
1.0234225445914311,0.9905908540906513,6.851368546013679,-12.4,0.15
1.026362925988397,0.9935761839920222,6.860462163479257,-12.4,0.2
0.8881027613634755,0.8548566214431155,6.131563850999318,-11.7,-2.0
0.8915007896362724,0.8583258288834398,6.140657468464896,-11.7,-1.95
0.8948857740144006,0.8617809241694426,6.149751085930474,-11.7,-1.9
0.8982578619612508,0.8652220763635322,6.158844703396052,-11.7,-1.85
0.9016171981764938,0.8686494511722749,6.16793832086163,-11.7,-1.8
0.9049639246680791,0.8720632110389449,6.177031938327208,-11.7,-1.75
0.9082981808218399,0.8754635152328196,6.186125555792787,-11.7,-1.7
0.9116201034687988,0.8788505199353551,6.195219173258364,-11.7,-1.65
0.9149298269502706,0.8822243783233784,6.204312790723942,-11.7,-1.6
0.9182274831808453,0.8855852406494182,6.21340640818952,-11.7,-1.55
0.9215132017093385,0.8889332543192954,6.222500025655099,-11.7,-1.5
0.9247871097777861,0.8922685639670868,6.231593643120677,-11.7,-1.45
0.928049332378562,0.8955913115275684,6.240687260586254,-11.7,-1.4
0.9312999923096893,0.8989016363062433,6.249780878051832,-11.7,-1.35
0.9345392102284146,0.9021996750470498,6.258874495517411,-11.7,-1.3
0.937767104703113,0.905485561997844,6.267968112982989,-11.7,-1.25
0.9409837922635854,0.9087594289737464,6.277061730448566,-11.7,-1.2
0.9441893874498094,0.9120214054184346,6.286155347914145,-11.7,-1.15
0.9473840028592013,0.9152716184634659,6.295248965379723,-11.7,-1.1
0.9505677491924438,0.9185101929857049,6.304342582845301,-11.7,-1.05
0.9537407352979337,0.9217372516629293,6.313436200310878,-11.7,-1.0
0.9569030682148983,0.9249529150276853,6.322529817776457,-11.7,-0.95
0.9600548532152309,0.9281573015194587,6.331623435242035,-11.7,-0.9
0.9631961938440887,0.9313505275352257,6.340717052707613,-11.7,-0.85
0.9663271919593016,0.9345327074784445,6.349810670173191,-11.7,-0.8
0.9694479477696302,0.9377039538065463,6.358904287638769,-11.7,-0.75
0.9725585598719158,0.9408643770769811,6.367997905104347,-11.7,-0.7
0.9756591252871625,0.9440140859918728,6.377091522569925,-11.7,-0.65
0.9787497394955853,0.9471531874413319,6.386185140035503,-11.7,-0.6
0.9818304964706637,0.9502817865454791,6.395278757501081,-11.7,-0.55
0.9849014887122328,0.9533999866952219,6.404372374966659,-11.7,-0.5
0.9879628072786464,0.9565078895918316,6.413465992432237,-11.7,-0.45
0.9910145418180422,0.9596055952853645,6.422559609897815,-11.7,-0.4
0.9940567805987408,0.9626932022119647,6.431653227363394,-11.7,-0.35
0.9970896105388076,0.965770807230092,6.440746844828971,-11.7,-0.3
1.0001131172348046,0.9688385056557101,6.449840462294549,-11.7,-0.25
1.0031273849897593,0.9718963912964714,6.458934079760128,-11.7,-0.2
1.0061324968403798,0.9749445564849353,6.468027697225706,-11.7,-0.15
1.0091285345835341,0.97798309211085,6.477121314691283,-11.7,-0.1
1.0121155788020226,0.9810120876525326,6.486214932156861,-11.7,-0.05
1.015093708889669,0.9840316312073764,6.49530854962244,-11.7,0.0
1.0180630030757443,0.987041809521516,6.504402167088018,-11.7,0.05
1.0210235384487525,0.9900427080186773,6.513495784553596,-11.7,0.1
1.0239753909795923,0.9930344108282412,6.522589402019173,-11.7,0.15
1.0269186355441189,0.996017000812545,6.531683019484752,-11.7,0.2
0.8883330443472228,0.8572654959171345,5.802784707004814,-11.0,-2.0
0.8917353152647898,0.8607302988880308,5.811878324470392,-11.0,-1.95
0.8951245135355037,0.8641810642384474,5.820971941935969,-11.0,-1.9
0.8985007870917748,0.8676179594633237,5.830065559401548,-11.0,-1.85
0.9018642810908384,0.8710411487460832,5.839159176867126,-11.0,-1.8
0.9052151379871191,0.8744507930496029,5.848252794332704,-11.0,-1.75
0.9085534976021898,0.877847050203993,5.857346411798282,-11.0,-1.7
0.9118794971924167,0.8812300749913231,5.86644002926386,-11.0,-1.65
0.9151932715143865,0.8846000192274261,5.875533646729438,-11.0,-1.6
0.9184949528882047,0.8879570318409004,5.884627264195016,-11.0,-1.55
0.9217846712587456,0.8913012589494245,5.893720881660594,-11.0,-1.5
0.9250625542549387,0.8946328439335018,5.902814499126173,-11.0,-1.45
0.928328727247163,0.8979519275077318,5.91190811659175,-11.0,-1.4
0.9315833134028284,0.9012586477897144,5.921001734057328,-11.0,-1.35
0.9348264337402085,0.9045531403666826,5.930095351522906,-11.0,-1.3
0.9380582071805934,0.9078355383599495,5.939188968988485,-11.0,-1.25
0.9412787505988279,0.9111059724872621,5.948282586454062,-11.0,-1.2
0.9444881788722931,0.9143645711231427,5.95737620391964,-11.0,-1.15
0.9476866049283909,0.9176114603572947,5.966469821385219,-11.0,-1.1
0.9508741397905864,0.9208467640511497,5.975563438850797,-11.0,-1.05
0.9540508926230636,0.9240706038926298,5.984657056316374,-11.0,-1.0
0.9572169707740404,0.9272830994491889,5.993750673781952,-11.0,-0.95
0.9603724798177968,0.930484368219202,6.002844291247531,-11.0,-0.9
0.9635175235954601,0.9336745256817655,6.011937908713109,-11.0,-0.85
0.9666522042545912,0.9368536853449639,6.021031526178687,-11.0,-0.8
0.9697766222876177,0.9400219587926659,6.030125143644264,-11.0,-0.75
0.9728908765691507,0.9431794557298994,6.039218761109843,-11.0,-0.7
0.9759950643922278,0.9463262840268607,6.048312378575421,-11.0,-0.65
0.9790892815035186,0.9494625497616075,6.057405996040999,-11.0,-0.6
0.9821736221375285,0.9525883572614816,6.066499613506577,-11.0,-0.55
0.9852481790498359,0.9557038091433099,6.075593230972155,-11.0,-0.5
0.9883130435493964,0.9588090063524252,6.084686848437733,-11.0,-0.45
0.9913683055299447,0.9619040482005502,6.093780465903311,-11.0,-0.4
0.9944140535005251,0.9649890324025847,6.102874083368889,-11.0,-0.35
0.9974503746151813,0.968064055112334,6.111967700834467,-11.0,-0.3
1.0004773547018313,0.9711292109572155,6.121061318300045,-11.0,-0.25
1.003495078290358,0.9741845930719808,6.130154935765623,-11.0,-0.2
1.0065036286399365,0.9772302931314842,6.139248553231202,-11.0,-0.15
1.0095030877656264,0.9802664013825328,6.148342170696779,-11.0,-0.1
1.0124935364642578,0.9832930066748488,6.157435788162357,-11.0,-0.05
1.015475054339619,0.986310196491173,6.166529405627935,-11.0,0.0
1.0184477198269895,0.9893180569765404,6.175623023093514,-11.0,0.05
1.0214116102170196,0.9923166729667535,6.184716640559092,-11.0,0.1
1.0243668016789904,0.995306128016082,6.193810258024669,-11.0,0.15
1.027313369283469,0.9982865044242124,6.202903875490247,-11.0,0.2
0.8883774688235888,0.8594755751336918,5.474005563010309,-10.3,-2.0
0.8917846901327238,0.8629367953771241,5.483099180475887,-10.3,-1.95
0.8951788019314457,0.866384042333814,5.492192797941465,-10.3,-1.9
0.8985599527746091,0.8698174821399074,5.501286415407042,-10.3,-1.85
0.9019282884264057,0.873237277658441,5.510380032872621,-10.3,-1.8
0.9052839519332332,0.8766435885689411,5.519473650338199,-10.3,-1.75
0.9086270836941348,0.8800365714538945,5.528567267803777,-10.3,-1.7
0.9119578215289086,0.8834163798822212,5.537660885269355,-10.3,-1.65
0.9152763007439808,0.8867831644898775,5.546754502734933,-10.3,-1.6
0.9185826541961306,0.8901370730577074,5.555848120200511,-10.3,-1.55
0.921877012354153,0.8934782505866565,5.564941737666089,-10.3,-1.5
0.9251595033585391,0.8968068393704582,5.574035355131667,-10.3,-1.45
0.9284302530792539,0.9001229790658932,5.583128972597245,-10.3,-1.4
0.9316893851716809,0.903426806760722,5.592222590062823,-10.3,-1.35
0.934937021130809,0.9067184570393833,5.601316207528401,-10.3,-1.3
0.9381732803437252,0.9099980620465485,5.61040982499398,-10.3,-1.25
0.941398280140478,0.9132657515486151,5.619503442459557,-10.3,-1.2
0.9446121358433749,0.9165216529932222,5.628597059925135,-10.3,-1.15
0.9478149608147699,0.9197658915668643,5.637690677390713,-10.3,-1.1
0.9510068665033993,0.9229985902506775,5.646784294856292,-10.3,-1.05
0.9541879624893165,0.9262198698744679,5.655877912321869,-10.3,-1.0
0.9573583565274819,0.92942984916905,5.664971529787447,-10.3,-0.95
0.9605181545900514,0.9326286448169597,5.674065147253025,-10.3,-0.9
0.9636674609074146,0.9358163715016014,5.683158764718604,-10.3,-0.85
0.9668063780080259,0.9389931419548903,5.692252382184182,-10.3,-0.8
0.9699350067570719,0.9421590670034433,5.701345999649759,-10.3,-0.75
0.9730534463940165,0.9453142556133753,5.710439617115338,-10.3,-0.7
0.9761617945690633,0.9484588149337481,5.719533234580916,-10.3,-0.65
0.9792601473785726,0.9515928503387246,5.728626852046494,-10.3,-0.6
0.9823485993994708,0.9547164654684739,5.737720469512071,-10.3,-0.55
0.9854272437226858,0.9578297622688711,5.74681408697765,-10.3,-0.5
0.9884961719856408,0.9609328410300364,5.755907704443228,-10.3,-0.45
0.9915554744038432,0.9640258004237547,5.765001321908806,-10.3,-0.4
0.9946052398015931,0.9671087375398145,5.774094939374384,-10.3,-0.35
0.9976455556418456,0.9701817479213033,5.783188556839962,-10.3,-0.3
1.0006765080552547,0.9732449255988986,5.79228217430554,-10.3,-0.25
1.003698181868423,0.976298363124186,5.801375791771118,-10.3,-0.2
1.0067106606313891,0.9793421516020399,5.810469409236696,-10.3,-0.15
1.0097140266443687,0.9823763807220988,5.819563026702274,-10.3,-0.1
1.0127083609837888,0.985401138789364,5.828656644167852,-10.3,-0.05
1.0156937435276185,0.9884165127539553,5.83775026163343,-10.3,0.0
1.0186702529800367,0.9914225882400467,5.846843879099008,-10.3,0.05
1.0216379668954483,0.9944194495740142,5.855937496564587,-10.3,0.1
1.0245969617018718,0.997407179811819,5.865031114030164,-10.3,0.15
1.0275473127237198,1.0003858607656528,5.874124731495742,-10.3,0.2
0.8882360626793057,0.8614883890739078,5.145226419015804,-9.6,-2.0
0.8916489449981251,0.8649468334551146,5.154320036481383,-9.6,-1.95
0.8950486727653932,0.8683913589675403,5.163413653946961,-9.6,-1.9
0.8984353953137106,0.871822130589458,5.172507271412538,-9.6,-1.85
0.9018092591654313,0.8752393100587869,5.181600888878116,-9.6,-1.8
0.9051704081061714,0.878643055961526,5.190694506343695,-9.6,-1.75
0.9085189832558652,0.8820335238171089,5.199788123809273,-9.6,-1.7
0.9118551231374631,0.885410866160808,5.20888174127485,-9.6,-1.65
0.9151789637433727,0.8887752326233144,5.217975358740429,-9.6,-1.6
0.918490638599729,0.8921267700076095,5.227068976206007,-9.6,-1.55
0.92179027882858,0.8954656223632387,5.236162593671585,-9.6,-1.5
0.9250780132080718,0.8987919310580972,5.245256211137162,-9.6,-1.45
0.928353968230709,0.9021058348478261,5.254349828602741,-9.6,-1.4
0.9316182681597673,0.9054074699429158,5.263443446068319,-9.6,-1.35
0.9348710350839268,0.9086969700736102,5.272537063533897,-9.6,-1.3
0.9381123889701969,0.9119744665526969,5.281630680999475,-9.6,-1.25
0.9413424477151958,0.9152400883362688,5.290724298465053,-9.6,-1.2
0.9445613271948472,0.9184939620825361,5.299817915930631,-9.6,-1.15
0.9477691413125535,0.921736212208763,5.308911533396209,-9.6,-1.1
0.9509660020459025,0.9249669609464055,5.318005150861787,-9.6,-1.05
0.9541520194919618,0.9281863283945146,5.327098768327365,-9.6,-1.0
0.9573273019112113,0.9313944325714746,5.336192385792943,-9.6,-0.95
0.960491955770166,0.9345913894651379,5.345286003258521,-9.6,-0.9
0.9636460857827351,0.9377773130814181,5.354379620724099,-9.6,-0.85
0.966789794950362,0.940952315491396,5.363473238189678,-9.6,-0.8
0.9699231846009913,0.9441165068769978,5.372566855655255,-9.6,-0.75
0.9730463544269015,0.9472699955752941,5.381660473120833,-9.6,-0.7
0.976159402521446,0.9504128881214732,5.390754090586412,-9.6,-0.65
0.9792624254147395,0.9535452892905354,5.39984770805199,-9.6,-0.6
0.9823555181083268,0.956667302137755,5.408941325517567,-9.6,-0.55
0.9854387741088682,0.9597790280379538,5.418034942983145,-9.6,-0.5
0.9885122854608774,0.9628805667236289,5.427128560448724,-9.6,-0.45
0.9915761427785434,0.9659720163219755,5.436222177914302,-9.6,-0.4
0.9946304352766663,0.9690534733908435,5.44531579537988,-9.6,-0.35
0.997675250800738,0.9721250329536638,5.454409412845457,-9.6,-0.3
1.000710675856198,0.9751867885333838,5.463503030311036,-9.6,-0.25
1.0037367956368901,0.9782388321854415,5.472596647776614,-9.6,-0.2
1.0067536940527424,0.9812812545298145,5.481690265242192,-9.6,-0.15
1.0097614537567092,0.9843141447821756,5.49078388270777,-9.6,-0.1
1.0127601561709825,0.9873375907841824,5.499877500173348,-9.6,-0.05
1.0157498815125061,0.9903516790329335,5.508971117638926,-9.6,0.0
1.0187307088178195,0.9933564947096164,5.518064735104504,-9.6,0.05
1.0217027159672392,0.9963521217073764,5.527158352570082,-9.6,0.1
1.0246659797084108,0.9993386426584303,5.53625197003566,-9.6,0.15
1.0276205756792485,1.002316138960451,5.545345587501238,-9.6,0.2
0.8879087371296058,0.8633053175229206,4.816447275021299,-8.9,-2.0
0.8913279952822348,0.8667617798961522,4.8255408924868775,-8.9,-1.95
0.894734045572869,0.8702043681484999,4.834634509952455,-8.9,-1.9
0.898127038269713,0.8736332462946352,4.843728127418033,-8.9,-1.85
0.901507120806957,0.8770485751362147,4.852821744883611,-8.9,-1.8
0.9048744378590661,0.8804505123493398,4.86191536234919,-8.9,-1.75
0.9082291314125864,0.8838392125689798,4.871008979814767,-8.9,-1.7
0.9115713408355653,0.8872148274704851,4.880102597280346,-8.9,-1.65
0.9149012029446831,0.8905775058483115,4.8891962147459225,-8.9,-1.6
0.9182188520701887,0.8939273936920745,4.898289832211502,-8.9,-1.55
0.9215244201187242,0.897264634260038,4.907383449677079,-8.9,-1.5
0.9248180366341237,0.9005893681501482,4.916477067142658,-8.9,-1.45
0.9280998288562651,0.9039017333687083,4.925570684608235,-8.9,-1.4
0.9313699217780498,0.9072018653967905,4.934664302073815,-8.9,-1.35
0.9346284382005833,0.910489897254476,4.943757919539392,-8.9,-1.3
0.9378754987866252,0.9137659595630081,4.95285153700497,-8.9,-1.25
0.9411112221123759,0.917030180604942,4.961945154470548,-8.9,-1.2
0.9443357247176595,0.9202826863823685,4.971038771936126,-8.9,-1.15
0.9475491211545675,0.9235236006732876,4.980132389401704,-8.9,-1.1
0.9507515240346176,0.9267530450862019,4.989226006867282,-8.9,-1.05
0.9539430440744836,0.929971139113,4.99831962433286,-8.9,-1.0
0.9571237901403479,0.933178000180192,5.007413241798438,-8.9,-0.95
0.9602938692909302,0.9363737436985633,5.016506859264016,-8.9,-0.9
0.963453386819236,0.9395584831113026,5.025600476729594,-8.9,-0.85
0.9666024462930742,0.9427323299406625,5.034694094195173,-8.9,-0.8
0.9697411495943871,0.9458953938332065,5.04378771166075,-8.9,-0.75
0.972869596957434,0.9490477826036963,5.052881329126328,-8.9,-0.7
0.9759878870058715,0.9521896022776646,5.061974946591906,-8.9,-0.65
0.9790961167887655,0.9553209571327275,5.071068564057485,-8.9,-0.6
0.982194381815577,0.9584419497386749,5.080162181523062,-8.9,-0.55
0.9852827760901514,0.9615526809963891,5.08925579898864,-8.9,-0.5
0.9883613921437523,0.9646532501756283,5.098349416454218,-8.9,-0.45
0.9914303210671669,0.9677437549517186,5.107443033919797,-8.9,-0.4
0.9944896525419177,0.9708242914411904,5.116536651385375,-8.9,-0.35
0.9975394748706095,0.9738949542363979,5.125630268850952,-8.9,-0.3
1.0005798750064425,0.9769558364391558,5.134723886316531,-8.9,-0.25
1.0036109385819154,0.9800070296934276,5.143817503782109,-8.9,-0.2
1.0066327499367513,0.9830486242170972,5.152911121247687,-8.9,-0.15
1.0096453921450683,0.9860807088328566,5.162004738713264,-8.9,-0.1
1.0126489470418167,0.9891033709982386,5.171098356178843,-8.9,-0.05
1.015643495248515,0.9921166968348222,5.180191973644421,-8.9,0.0
1.0186291161982997,0.9951207711566402,5.189285591109999,-8.9,0.05
1.0216058881603156,0.9981156774978154,5.198379208575577,-8.9,0.1
1.0245738882634643,1.0011014981394488,5.207472826041155,-8.9,0.15
1.0275331925195357,1.0040783141357863,5.216566443506733,-8.9,0.2
0.8873952864392365,0.8649275949546135,4.487668131026793,-8.2,-2.0
0.8908216408057524,0.8683828579433667,4.496761748492371,-8.2,-1.95
0.8942347256127557,0.871824282098403,4.505855365957949,-8.2,-1.9
0.8976346922251706,0.8752520306594501,4.514948983423527,-8.2,-1.85
0.9010216891458396,0.8786662636753358,4.524042600889105,-8.2,-1.8
0.9043958620907415,0.8820671380906602,4.533136218354683,-8.2,-1.75
0.9077573540616889,0.885454807829462,4.542229835820261,-8.2,-1.7
0.9111063054166018,0.88882942387601,4.55132345328584,-8.2,-1.65
0.9144428539374619,0.8921911343528354,4.5604170707514164,-8.2,-1.6
0.9177671348960365,0.8955400845961209,4.569510688216996,-8.2,-1.55
0.9210792811174603,0.8988764172285556,4.578604305682573,-8.2,-1.5
0.9243794230417639,0.9022002722297584,4.587697923148152,-8.2,-1.45
0.9276676887834241,0.9055117870043684,4.596791540613729,-8.2,-1.4
0.930944204189018,0.9088110964478966,4.6058851580793085,-8.2,-1.35
0.9342090928930511,0.9120983330104272,4.614978775544886,-8.2,-1.3
0.9374624763720303,0.9153736267582552,4.624072393010464,-8.2,-1.25
0.9407044739968501,0.918637105433539,4.633166010476042,-8.2,-1.2
0.9439352030835539,0.9218888945120501,4.64225962794162,-8.2,-1.15
0.9471547789425331,0.9251291172590869,4.651353245407198,-8.2,-1.1
0.9503633149262213,0.9283578947836302,4.660446862872776,-8.2,-1.05
0.9535609224753404,0.9315753460908027,4.669540480338354,-8.2,-1.0
0.9567477111637515,0.9347815881327,4.678634097803932,-8.2,-0.95
0.9599237887419609,0.937976735857652,4.68772771526951,-8.2,-0.9
0.9630892611793331,0.9411609022579758,4.696821332735087,-8.2,-0.85
0.9662442327050521,0.9443341984162743,4.7059149502006665,-8.2,-0.8
0.9693888058478833,0.9474967335503361,4.715008567666244,-8.2,-0.75
0.9725230814747712,0.9506486150566857,4.724102185131822,-8.2,-0.7
0.9756471588283195,0.953789948552836,4.7331958025974,-8.2,-0.65
0.9787611355631919,0.9569208379182874,4.742289420062978,-8.2,-0.6
0.9818651077814684,0.9600413853343207,4.751383037528556,-8.2,-0.55
0.9849591700669977,0.963151691322626,4.760476654994134,-8.2,-0.5
0.9880434155187777,0.9662518547828083,4.7695702724597115,-8.2,-0.45
0.9911179357833981,0.969341973028811,4.778663889925291,-8.2,-0.4
0.994182821086577,0.9724221418242943,4.787757507390868,-8.2,-0.35
0.9972381602638231,0.9754924554170045,4.796851124856447,-8.2,-0.3
1.0002840407902511,0.9785530065721703,4.8059447423220245,-8.2,-0.25
1.0033205488095815,0.9816038866049586,4.815038359787604,-8.2,-0.2
1.0063477691623488,0.9846451854120221,4.824131977253181,-8.2,-0.15
1.009365785413346,0.9876769915021708,4.833225594718758,-8.2,-0.1
1.012374679878332,0.9906993920261947,4.8423192121843375,-8.2,-0.05
1.0153745336500206,0.9937124728058682,4.851412829649915,-8.2,0.0
1.018365426623385,0.9967163183621625,4.860506447115493,-8.2,0.05
1.0213474375202833,0.9997110119426927,4.869600064581071,-8.2,0.1
1.0243206439134467,1.002696635548425,4.878693682046649,-8.2,0.15
1.0272851222498338,1.0056732699596664,4.887787299512227,-8.2,0.2
0.8866953872748436,0.8663563148387735,4.158888987032288,-7.5,-2.0
0.8901295651635698,0.8698111515423679,4.167982604497865,-7.5,-1.95
0.8935504032636746,0.8732521754135449,4.1770762219634445,-7.5,-1.9
0.8969580542018976,0.8766795491010989,4.186169839429024,-7.5,-1.85
0.9003526677103931,0.8800934320799767,4.195263456894601,-7.5,-1.8
0.9037343907030305,0.883493980737338,4.204357074360178,-7.5,-1.75
0.9071033673491257,0.8868813484556385,4.2134506918257575,-7.5,-1.7
0.9104597391447118,0.8902556856928602,4.222544309291335,-7.5,-1.65
0.9138036449814475,0.8936171400600069,4.231637926756913,-7.5,-1.6
0.9171352212132575,0.8969658563959816,4.240731544222491,-7.5,-1.55
0.9204546017207971,0.9003019768399467,4.249825161688069,-7.5,-1.5
0.9237619179738252,0.9036256409012773,4.258918779153647,-7.5,-1.45
0.9270572990915709,0.906936985527198,4.268012396619225,-7.5,-1.4
0.9303408719011678,0.9102361451682013,4.2771060140848025,-7.5,-1.35
0.9336127609942361,0.9135232518413318,4.286199631550382,-7.5,-1.3
0.9368730887816797,0.9167984351914247,4.295293249015959,-7.5,-1.25
0.9401219755467682,0.9200618225503746,4.304386866481536,-7.5,-1.2
0.9433595394965699,0.9233135389945162,4.3134804839471155,-7.5,-1.15
0.9465858968117955,0.9265537074001852,4.322574101412693,-7.5,-1.1
0.9498011616951155,0.9297824484975323,4.331667718878271,-7.5,-1.05
0.9530054464180042,0.932999880922658,4.340761336343849,-7.5,-1.0
0.9561988613661683,0.9362061212681266,4.349854953809428,-7.5,-0.95
0.95938151508361,0.939401284131928,4.358948571275005,-7.5,-0.9
0.9625535143153745,0.9425854821649383,4.368042188740584,-7.5,-0.85
0.9657149640490312,0.9457588261169398,4.3771358062061605,-7.5,-0.8
0.9688659675549318,0.9489214248812509,4.38622942367174,-7.5,-0.75
0.9720066264252912,0.9520733855380183,4.395323041137317,-7.5,-0.7
0.9751370406121316,0.9552148133962188,4.404416658602896,-7.5,-0.65
0.9782573084641305,0.9583458120344196,4.4135102760684735,-7.5,-0.6
0.9813675267624118,0.9614664833403389,4.422603893534053,-7.5,-0.55
0.9844677907553144,0.9645769275492514,4.431697510999629,-7.5,-0.5
0.9875581941921778,0.9676772432812804,4.440791128465208,-7.5,-0.45
0.9906388293561733,0.970767527577613,4.449884745930786,-7.5,-0.4
0.9937097870962189,0.973847875935679,4.458978363396364,-7.5,-0.35
0.9967711568580045,0.976918382343328,4.468071980861942,-7.5,-0.3
0.9998230267141608,0.9799791393120388,4.47716559832752,-7.5,-0.25
1.002865483393598,0.9830302379091973,4.486259215793098,-7.5,-0.2
1.0058986123100444,0.98607176778947,4.495352833258676,-7.5,-0.15
1.0089224975898103,0.9891038172253086,4.504446450724254,-7.5,-0.1
1.0119372220988005,0.9921264731366115,4.5135400681898314,-7.5,-0.05
1.014942867468806,0.9951398211195729,4.522633685655411,-7.5,0.0
1.0179395141230911,0.9981439454747438,4.531727303120988,-7.5,0.05
1.0209272413013075,1.0011389292343347,4.540820920586566,-7.5,0.1
1.0239061270837424,1.0041248541887806,4.549914538052144,-7.5,0.15
1.0268762484149436,1.0071018009125985,4.559008155517722,-7.5,0.2
0.8858085976839593,0.8675924334066633,3.830109843037783,-6.8,-2.0
0.8892513347334068,0.8710476090441082,3.839203460503361,-6.8,-1.95
0.8926806530613609,0.8744889887065523,3.848297077968939,-6.8,-1.9
0.8960967067262097,0.8779167346321339,3.857390695434517,-6.8,-1.85
0.8994996468546547,0.8813310058972607,3.866484312900095,-6.8,-1.8
0.9028896217192481,0.8847319585022319,3.875577930365673,-6.8,-1.75
0.9062667768133147,0.8881197454539006,3.884671547831251,-6.8,-1.7
0.909631254923362,0.8914945168455027,3.893765165296829,-6.8,-1.65
0.9129831961990843,0.8948564199337681,3.902858782762407,-6.8,-1.6
0.9163227382210536,0.898205599213428,3.911952400227985,-6.8,-1.55
0.9196500160661947,0.9015421964892241,3.921046017693563,-6.8,-1.5
0.9229651623711286,0.9048663509455224,3.930139635159141,-6.8,-1.45
0.92626830739347,0.908178199213626,3.939233252624719,-6.8,-1.4
0.9295595790711605,0.9114778754368823,3.948326870090297,-6.8,-1.35
0.93283910307991,0.9147655113336693,3.957420487555876,-6.8,-1.3
0.9361070028888245,0.9180412362583477,3.966514105021453,-6.8,-1.25
0.9393633998142856,0.9213051772602551,3.975607722487032,-6.8,-1.2
0.9426084130721504,0.9245574591408223,3.984701339952609,-6.8,-1.15
0.9458421598283357,0.9277982045088821,3.993794957418188,-6.8,-1.1
0.9490647552478456,0.9310275338342398,4.002888574883765,-6.8,-1.05
0.9522763125423018,0.9342455654995726,4.011982192349344,-6.8,-1.0
0.955476943016033,0.9374524158507219,4.021075809814922,-6.8,-0.95
0.9586667561107729,0.9406481992454365,4.0301694272805,-6.8,-0.9
0.9618458594490229,0.9438330281006269,4.039263044746078,-6.8,-0.85
0.9650143588761234,0.947007012938185,4.048356662211656,-6.8,-0.8
0.9681723585010834,0.9501702624294225,4.057450279677234,-6.8,-0.75
0.9713199607362109,0.9533228834381772,4.066543897142812,-6.8,-0.7
0.9744572663355878,0.9564649810626378,4.07563751460839,-6.8,-0.65
0.9775843744324314,0.9595966586759316,4.084731132073967,-6.8,-0.6
0.9807013825753783,0.9627180179655211,4.093824749539547,-6.8,-0.55
0.9838083867637324,0.9658291589714506,4.102918367005124,-6.8,-0.5
0.9869054814817098,0.9689301801234836,4.112011984470702,-6.8,-0.45
0.9899927597317174,0.9720211782771722,4.12110560193628,-6.8,-0.4
0.9930703130666969,0.9751022487488923,4.130199219401858,-6.8,-0.35
0.9961382316215667,0.978173485349884,4.139292836867436,-6.8,-0.3
0.9991966041437916,0.9812349804193295,4.148386454333014,-6.8,-0.25
1.0022455180231125,0.9842868248565013,4.157480071798592,-6.8,-0.2
1.0052850593204585,0.9873291081520146,4.16657368926417,-6.8,-0.15
1.0083153127960751,0.990361918418212,4.175667306729749,-6.8,-0.1
1.011336361936891,0.9933853424187106,4.184760924195325,-6.8,-0.05
1.0143482889831446,0.9963994655971393,4.1938545416609045,-6.8,0.0
1.017351174954307,0.9994043721050954,4.202948159126483,-6.8,0.05
1.0203450996743082,1.0024001448293411,4.212041776592061,-6.8,0.1
1.023330141796101,1.0053868654182707,4.221135394057638,-6.8,0.15
1.0263063788255775,1.008364614307671,4.2302290115232175,-6.8,0.2
0.8847343556930447,0.8686367729059126,3.501330699043278,-6.1,-2.0
0.8881863973110783,0.8720930464072526,3.510424316508856,-6.1,-1.95
0.8916249323700336,0.8755355317575386,3.519517933974434,-6.1,-1.9
0.8950501165353202,0.8789643909616692,3.528611551440012,-6.1,-1.85
0.8984621024987656,0.8823797828700911,3.53770516890559,-6.1,-1.8
0.9018610400575596,0.8857818632641499,3.546798786371169,-6.1,-1.75
0.9052470761905244,0.8891707849384942,3.555892403836746,-6.1,-1.7
0.9086203551318184,0.892546697780657,3.564986021302325,-6.1,-1.65
0.9119810184421817,0.8959097488479303,3.574079638767902,-6.1,-1.6
0.9153292050778207,0.8992600824416465,3.583173256233481,-6.1,-1.55
0.918665051457026,0.9025978401789696,3.592266873699058,-6.1,-1.5
0.9219886915246164,0.905923161062302,3.601360491164637,-6.1,-1.45
0.9253002568142931,0.9092361815463985,3.610454108630215,-6.1,-1.4
0.9285998765089882,0.912537035603282,3.619547726095793,-6.1,-1.35
0.9318876774992834,0.9158258547850485,3.628641343561371,-6.1,-1.3
0.9351637844399758,0.9191027682846424,3.637734961026949,-6.1,-1.25
0.9384283198048615,0.9223679029946835,3.646828578492527,-6.1,-1.2
0.941681403939805,0.9256213835644225,3.655922195958105,-6.1,-1.15
0.9449231551141594,0.9288633324548936,3.665015813423683,-6.1,-1.1
0.9481536895706002,0.932093869992338,3.674109430889261,-6.1,-1.05
0.9513731215734316,0.9353131144199603,3.683203048354839,-6.1,-1.0
0.9545815634554218,0.938521181948083,3.692296665820417,-6.1,-0.95
0.9577791256632232,0.9417181868027592,3.701390283285995,-6.1,-0.9
0.9609659168014275,0.9449042412729002,3.710483900751573,-6.1,-0.85
0.9641420436753064,0.9480794557559733,3.719577518217151,-6.1,-0.8
0.9673076113322864,0.9512439388023236,3.728671135682729,-6.1,-0.75
0.9704627231022013,0.9543977971581682,3.737764753148307,-6.1,-0.7
0.9736074806363675,0.9575411358073124,3.746858370613885,-6.1,-0.65
0.9767419839455241,0.9606740580116342,3.755951988079463,-6.1,-0.6
0.9798663314366768,0.9637966653503799,3.765045605545041,-6.1,-0.55
0.9829806199488841,0.9669090577583149,3.774139223010619,-6.1,-0.5
0.9860849447880252,0.9700113335627691,3.783232840476197,-6.1,-0.45
0.9891793997605802,0.9731035895196152,3.792326457941776,-6.1,-0.4
0.992264077206461,0.9761859208482196,3.801420075407353,-6.1,-0.35
0.9953390680309229,0.9792584212653992,3.810513692872932,-6.1,-0.3
0.9984044617355894,0.9823211830184192,3.81960731033851,-6.1,-0.25
1.001460346448618,0.9853742969170649,3.828700927804088,-6.1,-0.2
1.0045068089540403,0.9884178523648195,3.837794545269666,-6.1,-0.15
1.0075439347202984,0.9914519373891773,3.846888162735244,-6.1,-0.1
1.0105718079280077,0.9944766386711217,3.855981780200822,-6.1,-0.05
1.0135905114969708,0.9974920415737969,3.8650753976664,-6.1,0.0
1.01660012711247,1.0004982301703982,3.874169015131978,-6.1,0.05
1.0196007352508516,1.0034952872713079,3.883262632597556,-6.1,0.1
1.0225924152044414,1.006483294450504,3.892356250063134,-6.1,0.15
1.0255752451057982,1.0094623320712586,3.901449867528712,-6.1,0.2
0.883471977514159,0.8694900243710261,3.172551555048774,-5.4,-2.0
0.8869340803623157,0.8729481499257183,3.181645172514352,-5.4,-1.95
0.89038257967803,0.8763924861997222,3.19073878997993,-5.4,-1.9
0.8938176329154895,0.8798231951400888,3.199832407445507,-5.4,-1.85
0.8972393945083907,0.8832404355419243,3.208926024911086,-5.4,-1.8
0.9006480159504637,0.8866443631336357,3.218019642376664,-5.4,-1.75
0.9040436458732615,0.890035130659235,3.227113259842242,-5.4,-1.7
0.9074264301213183,0.8934128879578253,3.23620687730782,-5.4,-1.65
0.9107965118247926,0.8967777820403837,3.245300494773398,-5.4,-1.6
0.9141540314696907,0.9001299571639573,3.254394112238976,-5.4,-1.55
0.9174991269657728,0.9034695549033702,3.263487729704554,-5.4,-1.5
0.9208319337122337,0.9067967142205519,3.272581347170132,-5.4,-1.45
0.9241525846612434,0.910111571531575,3.28167496463571,-5.4,-1.4
0.9274612103794371,0.9134142607715001,3.290768582101288,-5.4,-1.35
0.9307579391074314,0.9167049134571099,3.299862199566866,-5.4,-1.3
0.9340428968174451,0.9199836587476203,3.308955817032444,-5.4,-1.25
0.937316207269097,0.9232506235034436,3.318049434498022,-5.4,-1.2
0.9405779920634514,0.9265059323430829,3.3271430519636,-5.4,-1.15
0.943828370695378,0.929749707698229,3.336236669429178,-5.4,-1.1
0.94706746060429,0.9329820698671266,3.345330286894756,-5.4,-1.05
0.9502953772233211,0.9362031370662792,3.354423904360334,-5.4,-1.0
0.953512234026999,0.9394130254805528,3.363517521825912,-5.4,-0.95
0.9567181425774739,0.9426118493117397,3.37261113929149,-5.4,-0.9
0.9599132125693519,0.9457997208256401,3.381704756757069,-5.4,-0.85
0.9630975518731861,0.9489767503977158,3.390798374222646,-5.4,-0.8
0.966271266577675,0.9521430465573685,3.399891991688225,-5.4,-0.75
0.9694344610306117,0.955298716030894,3.408985609153802,-5.4,-0.7
0.9725872378786337,0.9584438637831593,3.418079226619381,-5.4,-0.65
0.9757296981058106,0.9615785930580485,3.427172844084958,-5.4,-0.6
0.978861941071115,0.9647030054177244,3.436266461550537,-5.4,-0.55
0.9819840645448147,0.9678172007807428,3.445360079016115,-5.4,-0.5
0.985096164743822,0.9709212774590658,3.454453696481693,-5.4,-0.45
0.9881983363660398,0.9740153321940084,3.463547313947271,-5.4,-0.4
0.991290672623736,0.9770994601911587,3.472640931412849,-5.4,-0.35
0.9943732652759817,0.980173755154305,3.481734548878427,-5.4,-0.3
0.997446204660184,0.9832383093184065,3.490828166344005,-5.4,-0.25
1.0005095797227446,0.9862932134816371,3.499921783809583,-5.4,-0.2
1.0035634780488716,0.9893385570365377,3.509015401275161,-5.4,-0.15
1.0066079858915793,0.9923744280003046,3.518109018740739,-5.4,-0.1
1.0096431881998933,0.9954009130442436,3.527202636206317,-5.4,-0.05
1.0126691686462943,0.9984180975224181,3.536296253671895,-5.4,0.0
1.0156860096534253,1.001426065499518,3.545389871137473,-5.4,0.05
1.0186937924200814,1.004424899777974,3.554483488603051,-5.4,0.1
1.0216925969465112,1.007414681924346,3.563577106068629,-5.4,0.15
1.024682502059049,1.010395492295001,3.572670723534207,-5.4,0.2
0.8820206553467995,0.8701527499315763,2.8437724110542693,-4.7,-2.0
0.8854935888781398,0.8736134785029439,2.852866028519847,-4.7,-1.95
0.8889528125051223,0.8770604077605668,2.861959645985425,-4.7,-1.9
0.8923984856597612,0.8804936997678284,2.871053263451003,-4.7,-1.85
0.8958307647013982,0.8839135134339414,2.8801468809165813,-4.7,-1.8
0.8992498029989984,0.8873200045992533,2.8892404983821587,-4.7,-1.75
0.9026557510106341,0.8907133261176081,2.898334115847737,-4.7,-1.7
0.9060487563602718,0.8940936279358861,2.907427733313315,-4.7,-1.65
0.9094289639119744,0.8974610571708421,2.916521350778893,-4.7,-1.6
0.912796515841624,0.9008157581833511,2.9256149682444708,-4.7,-1.55
0.9161515517062654,0.9041578726501662,2.934708585710049,-4.7,-1.5
0.9194942085111665,0.9074875396332954,2.9438022031756272,-4.7,-1.45
0.9228246207746864,0.9108048956470854,2.952895820641205,-4.7,-1.4
0.9261429205910392,0.9141100747231119,2.961989438106783,-4.7,-1.35
0.9294492376910344,0.9174032084729578,2.971083055572361,-4.7,-1.3
0.9327436995008751,0.9206844261489656,2.9801766730379393,-4.7,-1.25
0.9360264311990881,0.9239538547030428,2.9892702905035167,-4.7,-1.2
0.939297555771659,0.927211618843596,2.998363907969095,-4.7,-1.15
0.9425571940654386,0.930457841090665,3.007457525434674,-4.7,-1.1
0.9458054648398909,0.9336926418293277,3.016551142900251,-4.7,-1.05
0.9490424848172394,0.9369161393614405,3.02564476036583,-4.7,-1.0
0.9522683687310772,0.9401284499557769,3.034738377831408,-4.7,-0.95
0.9554832293734947,0.9433296878966263,3.043831995296986,-4.7,-0.9
0.9586871776407812,0.9465199655309071,3.052925612762564,-4.7,-0.85
0.9618803225777518,0.9496993933138537,3.062019230228142,-4.7,-0.8
0.9650627714207516,0.9528680798533251,3.07111284769372,-4.7,-0.75
0.9682346296393828,0.9560261319527896,3.080206465159298,-4.7,-0.7
0.9713960009770023,0.9591736546530305,3.089300082624876,-4.7,-0.65
0.9745469874900341,0.9623107512726222,3.098393700090454,-4.7,-0.6
0.9776876895861367,0.9654375234472166,3.107487317556032,-4.7,-0.55
0.9808182060612681,0.9685540711676865,3.11658093502161,-4.7,-0.5
0.9839386341356858,0.9716604928171638,3.125674552487188,-4.7,-0.45
0.9870490694889199,0.9747568852070122,3.134768169952766,-4.7,-0.4
0.9901496062937536,0.9778433436117709,3.143861787418344,-4.7,-0.35
0.9932403372492464,0.9809199618031067,3.152955404883922,-4.7,-0.3
0.9963213536128326,0.9839868320828066,3.1620490223495,-4.7,-0.25
0.999392745231526,0.9870440453148459,3.171142639815078,-4.7,-0.2
1.0024546005722623,0.990091690956561,3.180236257280656,-4.7,-0.15
1.005507006751405,0.9931298570889598,3.189329874746234,-4.7,-0.1
1.0085500495634492,0.9961586304461967,3.198423492211812,-4.7,-0.05
1.01158381350894,0.9991780964442404,3.20751710967739,-4.7,0.0
1.014608381821643,1.0021883392087627,3.216610727142969,-4.7,0.05
1.0176238364949817,1.0051894416022729,3.225704344608546,-4.7,0.1
1.0206302583077702,1.0081814852505218,3.234797962074125,-4.7,0.15
1.0236277268492662,1.0111645505682034,3.243891579539703,-4.7,0.2
0.8803794547582556,0.87062538467625,2.514993267059764,-4.0,-2.0
0.88386400281766,0.8740894654906441,2.524086884525342,-4.0,-1.95
0.8873347249059161,0.8775397280758065,2.5331805019909197,-4.0,-1.9
0.8907917826301767,0.8809763347852141,2.542274119456498,-4.0,-1.85
0.894235334467179,0.8843994448112277,2.551367736922076,-4.0,-1.8
0.8976655358475089,0.8878092142706195,2.560461354387654,-4.0,-1.75
0.9010825392369736,0.8912057962871486,2.569554971853232,-4.0,-1.7
0.904486494215197,0.8945893410713069,2.57864858931881,-4.0,-1.65
0.9078775475515584,0.8979599959973542,2.5877422067843883,-4.0,-1.6
0.9112558432785797,0.9013179056777529,2.596835824249966,-4.0,-1.55
0.914621522762868,0.9046632120351097,2.605929441715544,-4.0,-1.5
0.9179747247737099,0.9079960543717256,2.615023059181122,-4.0,-1.45
0.9213155855494131,0.9113165694368507,2.6241166766467,-4.0,-1.4
0.9246442388614858,0.9146248914917349,2.6332102941122777,-4.0,-1.35
0.9279608160767371,0.917921152372563,2.642303911577856,-4.0,-1.3
0.9312654462173822,0.921205481551358,2.651397529043434,-4.0,-1.25
0.9345582560192301,0.92447800619493,2.660491146509012,-4.0,-1.2
0.9378393699880266,0.9277388512219513,2.669584763974591,-4.0,-1.15
0.9411089104540247,0.9309881393582238,2.678678381440168,-4.0,-1.1
0.9443669976248497,0.9342259911902141,2.687771998905747,-4.0,-1.05
0.9476137496367246,0.9374525252169184,2.696865616371325,-4.0,-1.0
0.950849282604116,0.9406678579001225,2.7059592338369027,-4.0,-0.95
0.9540737106678603,0.9438721037131154,2.715052851302481,-4.0,-0.9
0.9572871460418273,0.9470653751879158,2.724146468768059,-4.0,-0.85
0.9604896990581743,0.9502477829610665,2.733240086233637,-4.0,-0.8
0.9636814782112431,0.9534194358180482,2.742333703699215,-4.0,-0.75
0.9668625902001482,0.9565804407363646,2.751427321164793,-4.0,-0.7
0.9700331399701052,0.9597309029273459,2.7605209386303713,-4.0,-0.65
0.973193230752543,0.9628709258767181,2.769614556095949,-4.0,-0.6
0.9763429641040449,0.966000611383982,2.778708173561527,-4.0,-0.55
0.9794824399441578,0.9691200596006433,2.787801791027105,-4.0,-0.5
0.982611756592113,0.9722293690673361,2.796895408492683,-4.0,-0.45
0.9857310108024927,0.975328636749878,2.8059890259582607,-4.0,-0.4
0.9888402977998817,0.9784179580742932,2.815082643423839,-4.0,-0.35
0.9919397113125387,0.9814974269608414,2.824176260889417,-4.0,-0.3
0.9950293436051196,0.984567135857085,2.833269878354995,-4.0,-0.25
0.9981092855104878,0.9876271757700291,2.842363495820573,-4.0,-0.2
1.00117962646064,0.9906776362973645,2.851457113286151,-4.0,-0.15
1.0042404545167787,0.9937186056578448,2.8605507307517293,-4.0,-0.1
1.0072918563985578,0.9967501707208271,2.869644348217308,-4.0,-0.05
1.010333917512537,0.9997724170350039,2.8787379656828858,-4.0,0.0
1.0133667219798541,1.002785428856352,2.887831583148464,-4.0,0.05
1.0163903526631637,1.0057892891753277,2.8969252006140422,-4.0,0.1
1.0194048911928435,1.0087840797433278,2.90601881807962,-4.0,0.15
1.0224104179925129,1.0117698810984461,2.915112435545198,-4.0,0.2
0.8785473116223832,0.8709082380872738,2.186214123065259,-3.3,-2.0
0.8820442741188516,0.8743764201062683,2.195307740530837,-3.3,-1.95
0.8855272845504963,0.8778307560902706,2.204401357996415,-3.3,-1.9
0.8889965069062354,0.8812714088569809,2.213494975461993,-3.3,-1.85
0.8924521019809354,0.8846985380513004,2.222588592927571,-3.3,-1.8
0.8958942274618585,0.8881123002312477,2.2316822103931493,-3.3,-1.75
0.8993230380121258,0.8915128489509031,2.240775827858727,-3.3,-1.7
0.9027386853513188,0.8949003348405132,2.249869445324305,-3.3,-1.65
0.9061413183333403,0.8982749056838659,2.258963062789883,-3.3,-1.6
0.9095310830216468,0.9016367064930547,2.268056680255461,-3.3,-1.55
0.9129081227619591,0.9049858795807348,2.2771502977210387,-3.3,-1.5
0.9162725782525565,0.908322564629977,2.286243915186617,-3.3,-1.45
0.9196245876122492,0.911646898761812,2.295337532652195,-3.3,-1.4
0.9229642864461226,0.914959016600563,2.304431150117773,-3.3,-1.35
0.9262918079091437,0.9182590503370485,2.313524767583351,-3.3,-1.3
0.9296072827677118,0.9215471297897442,2.322618385048929,-3.3,-1.25
0.9329108394592356,0.9248233824639827,2.3317120025145073,-3.3,-1.2
0.9362026041498133,0.9280879336092658,2.340805619980086,-3.3,-1.15
0.9394827007900873,0.9313409062747652,2.3498992374456638,-3.3,-1.1
0.9427512511693478,0.9345824213630779,2.358992854911242,-3.3,-1.05
0.9460083749679457,0.9378125976823063,2.3680864723768202,-3.3,-1.0
0.9492541898080855,0.9410315519965234,2.377180089842398,-3.3,-0.95
0.9524888113030541,0.9442393990746863,2.386273707307976,-3.3,-0.9
0.9557123531049465,0.9474362517380538,2.395367324773554,-3.3,-0.85
0.9589249269509432,0.9506222209061651,2.4044609422391323,-3.3,-0.8
0.9621266427081928,0.9537974156414324,2.4135545597047097,-3.3,-0.75
0.9653176084173509,0.9569619431923977,2.422648177170288,-3.3,-0.7
0.9684979303348245,0.9601159090357024,2.431741794635866,-3.3,-0.65
0.9716677129737674,0.9632594169168165,2.440835412101444,-3.3,-0.6
0.9748270591438738,0.966392568889572,2.4499290295670217,-3.3,-0.55
0.9779760699900096,0.9695154653545429,2.4590226470326,-3.3,-0.5
0.9811148450297263,0.9726282050963124,2.4681162644981782,-3.3,-0.45
0.9842434821896928,0.9757308853196673,2.477209881963756,-3.3,-0.4
0.9873620778410874,0.9788236016847561,2.486303499429334,-3.3,-0.35
0.9904707268339815,0.9819064483412476,2.495397116894912,-3.3,-0.3
0.993569522530754,0.9849795179615244,2.5044907343604903,-3.3,-0.25
0.9966585568385666,0.9880429017729442,2.513584351826069,-3.3,-0.2
0.9997379202409333,0.9910966895892,2.522677969291647,-3.3,-0.15
1.0028077018284154,0.9941409698408127,2.531771586757225,-3.3,-0.1
1.0058679893284694,0.9971758296047797,2.5408652042228033,-3.3,-0.05
1.0089188691344795,1.0002013546334154,2.549958821688381,-3.3,0.0
1.011960426333997,1.003217629382401,2.559052439153959,-3.3,0.05
1.0149927447362184,1.006224737038084,2.568146056619537,-3.3,0.1
1.0180159068987218,1.009222759544029,2.577239674085115,-3.3,0.15
1.0210299941534924,1.0122117776268749,2.5863332915506927,-3.3,0.2
0.876523028592984,0.8710014950563045,1.857434979070754,-2.6,-2.0
0.8800332232542557,0.8744745284400307,1.866528596536332,-2.6,-1.95
0.8835293293599941,0.8779336790561684,1.87562221400191,-2.6,-1.9
0.8870115134979679,0.8813791103619221,1.8847158314674881,-2.6,-1.85
0.8904799389919908,0.8848109826252362,1.8938094489330661,-2.6,-1.8
0.8939347659907809,0.8882294530112631,1.9029030663986441,-2.6,-1.75
0.897376151553736,0.8916346756658402,1.9119966838642224,-2.6,-1.7
0.90080424973375,0.8950268017961013,1.9210903013298002,-2.6,-1.65
0.9042192116571972,0.8984059797483404,1.9301839187953784,-2.6,-1.6
0.9076211856012018,0.9017723550832452,1.9392775362609562,-2.6,-1.55
0.9110103170683018,0.9051260706486021,1.9483711537265345,-2.6,-1.5
0.9143867488586181,0.908467266649582,1.9574647711921125,-2.6,-1.45
0.9177506211396252,0.9117960807167006,1.9665583886576905,-2.6,-1.4
0.921102071513625,0.9151126479715479,1.9756520061232685,-2.6,-1.35
0.9244412350830111,0.9184171010903756,1.9847456235888465,-2.6,-1.3
0.9277682445134151,0.9217095703656272,1.9938392410544248,-2.6,-1.25
0.9310832300948148,0.9249901837654915,2.002932858520003,-2.6,-1.2
0.9343863198006872,0.9282590669915566,2.0120264759855813,-2.6,-1.15
0.9376776393452814,0.9315163435346379,2.021120093451159,-2.6,-1.1
0.9409573122390811,0.93476213472885,2.030213710916737,-2.6,-1.05
0.9442254598425318,0.9379965598039901,2.039307328382315,-2.6,-1.0
0.9474822014180923,0.9412197359362973,2.048400945847893,-2.6,-0.95
0.9507276541806792,0.9444317782976464,2.0574945633134707,-2.6,-0.9
0.953961933346561,0.9476328001032389,2.066588180779049,-2.6,-0.85
0.957185152180762,0.950822912657843,2.075681798244627,-2.6,-0.8
0.9603974220430298,0.9540022254006393,2.084775415710205,-2.6,-0.75
0.9635988524324194,0.9571708459487205,2.0938690331757828,-2.6,-0.7
0.9667895510305446,0.9603288801392962,2.102962650641361,-2.6,-0.65
0.9699696237435468,0.9634764320706497,2.1120562681069392,-2.6,-0.6
0.9731391747428226,0.966613604141889,2.121149885572517,-2.6,-0.55
0.9762983065045617,0.9697404970915388,2.130243503038095,-2.6,-0.5
0.9794471198481299,0.972857210035011,2.139337120503673,-2.6,-0.45
0.9825857139733448,0.9759638405009969,2.1484307379692513,-2.6,-0.4
0.9857141864966779,0.9790604844668146,2.1575243554348287,-2.6,-0.35
0.9888326334864237,0.9821472363927525,2.166617972900407,-2.6,-0.3
0.9919411494968706,0.9852241892554391,2.175711590365985,-2.6,-0.25
0.9950398276015082,0.9882914345802772,2.1848052078315643,-2.6,-0.2
0.9981287594253028,0.9913490624729699,2.193898825297142,-2.6,-0.15
1.0012080351760757,0.9943971616501723,2.20299244276272,-2.6,-0.1
1.0042777436750105,0.9974358194692983,2.212086060228298,-2.6,-0.05
1.0073379723863247,1.0004651219575078,2.221179677693876,-2.6,0.0
1.0103888074461247,1.003485153839906,2.2302732951594537,-2.6,0.05
1.0134303336904817,1.006495998566978,2.239366912625032,-2.6,0.1
1.0164626346827452,1.0094977383412829,2.24846053009061,-2.6,0.15
1.0194857927401269,1.0124904541434354,2.257554147556188,-2.6,0.2
0.8743052710839303,0.8709052164895921,1.5286558350762487,-1.9,-2.0
0.8778295353046197,0.8743838540591894,1.537749452541827,-1.9,-1.95
0.8813395636709458,0.8778485631363814,1.5468430700074047,-1.9,-1.9
0.8848355255983172,0.8812995079951003,1.555936687472983,-1.9,-1.85
0.8883175871615943,0.884736849698706,1.5650303049385608,-1.9,-1.8
0.8917859111866095,0.888160746187178,1.574123922404139,-1.9,-1.75
0.895240657338492,0.8915713523612833,1.583217539869717,-1.9,-1.7
0.8986819822069251,0.894968820163853,1.592311157335295,-1.9,-1.65
0.9021100393884715,0.8983532986582837,1.601404774800873,-1.9,-1.6
0.9055249795660857,0.9017249341043803,1.610498392266451,-1.9,-1.55
0.9089269505859308,0.9050838700316491,1.619592009732029,-1.9,-1.5
0.9123160975316104,0.9084302473101464,1.6286856271976071,-1.9,-1.45
0.915692562795922,0.9117642042189799,1.6377792446631854,-1.9,-1.4
0.9190564861502306,0.9150858765125567,1.6468728621287632,-1.9,-1.35
0.9224080048115604,0.9183953974846714,1.6559664795943414,-1.9,-1.3
0.9257472535074931,0.9216928980305152,1.6650600970599194,-1.9,-1.25
0.9290743645389635,0.9249785067066914,1.6741537145254974,-1.9,-1.2
0.9323894678410303,0.9282523497893127,1.6832473319910755,-1.9,-1.15
0.9356926910417058,0.9315145513302565,1.6923409494566535,-1.9,-1.1
0.9389841595189174,0.934765233211648,1.7014345669222315,-1.9,-1.05
0.9422639964556723,0.9380045151986385,1.7105281843878095,-1.9,-1.0
0.9455323228934964,0.9412325149905457,1.7196218018533878,-1.9,-0.95
0.9487892577842122,0.944449348270415,1.7287154193189656,-1.9,-0.9
0.9520349180401158,0.947655128753063,1.7378090367845438,-1.9,-0.85
0.9552694185826176,0.9508499682316586,1.7469026542501218,-1.9,-0.8
0.9584928723894006,0.9540339766228959,1.7559962717156998,-1.9,-0.75
0.9617053905401508,0.9572072620108122,1.7650898891812778,-1.9,-0.7
0.9649070822609155,0.9603699306892962,1.7741835066468559,-1.9,-0.65
0.9680980549671355,0.9635220872033399,1.7832771241124339,-1.9,-0.6
0.9712784143054027,0.9666638343890736,1.792370741578012,-1.9,-0.55
0.9744482641939863,0.9697952734126314,1.8014643590435901,-1.9,-0.5
0.9776077068621735,0.9729165038078877,1.810557976509168,-1.9,-0.45
0.9807568428884657,0.9760276235131031,1.8196515939747462,-1.9,-0.4
0.9838957712376716,0.9791287289065196,1.8287452114403242,-1.9,-0.35
0.987024589296935,0.9822199148409415,1.8378388289059022,-1.9,-0.3
0.9901433929107353,0.985301274677337,1.8469324463714802,-1.9,-0.25
0.9932522764148951,0.9883729003174927,1.8560260638370583,-1.9,-0.2
0.9963513326696304,0.9914348822357567,1.8651196813026363,-1.9,-0.15
0.9994406530916753,0.994487309509897,1.8742132987682143,-1.9,-0.1
1.0025203276855132,0.9975302698511096,1.8833069162337925,-1.9,-0.05
1.0055904450737452,1.0005638496332006,1.8924005336993703,-1.9,0.0
1.0086510925266203,1.0035881339209736,1.9014941511649486,-1.9,0.05
1.0117023559907663,1.0066032064978445,1.9105877686305264,-1.9,0.1
1.0147443201171302,1.009609149892715,1.9196813860961046,-1.9,0.15
1.0177770682881768,1.0126060454061239,1.9287750035616826,-1.9,0.2
0.871892562723699,0.8706193395070407,1.199876691081744,-1.2,-2.0
0.8754317555191847,0.8741043382141612,1.208970308547322,-1.2,-1.95
0.8789565538981391,0.87757535361731,1.2180639260129,-1.2,-1.9
0.8824671303454719,0.8810325509871161,1.2271575434784783,-1.2,-1.85
0.8859636539217852,0.8844760923573756,1.2362511609440563,-1.2,-1.8
0.889446290357826,0.8879061366131383,1.2453447784096343,-1.2,-1.75
0.8929152021456148,0.8913228395757365,1.2544383958752123,-1.2,-1.7
0.8963705486263921,0.8947263540848834,1.2635320133407903,-1.2,-1.65
0.8998124860755173,0.8981168300779643,1.2726256308063684,-1.2,-1.6
0.9032411677844493,0.9014944146666372,1.2817192482719464,-1.2,-1.55
0.9066567441399294,0.9048592522108525,1.2908128657375246,-1.2,-1.5
0.9100593627004819,0.9082114843903992,1.2999064832031024,-1.2,-1.45
0.9134491682703457,0.9115512502740756,1.3090001006686807,-1.2,-1.4
0.9168263029709359,0.9148786863865817,1.3180937181342585,-1.2,-1.35
0.9201909063099413,0.9181939267732242,1.3271873355998367,-1.2,-1.3
0.9235431152481495,0.9214971030625205,1.3362809530654147,-1.2,-1.25
0.9268830642640911,0.9247883445267846,1.3453745705309927,-1.2,-1.2
0.9302108854165888,0.928067778140774,1.3544681879965708,-1.2,-1.15
0.9335267084052958,0.931335528638473,1.3635618054621488,-1.2,-1.1
0.936830660629298,0.9345917185680834,1.372655422927727,-1.2,-1.05
0.9401228672438602,0.9378364683452933,1.3817490403933048,-1.2,-1.0
0.9434034512153828,0.9410698963048865,1.3908426578588828,-1.2,-0.95
0.946672533374642,0.9442921187507582,1.399936275324461,-1.2,-0.9
0.9499302324683737,0.9475032500043951,1.409029892790039,-1.2,-0.85
0.9531766652092692,0.9507034024518767,1.4181235102556171,-1.2,-0.8
0.9564119463244367,0.9538926865894547,1.4272171277211951,-1.2,-0.75
0.9596361886023889,0.9570712110677603,1.4363107451867732,-1.2,-0.7
0.9628495029386115,0.9602390827346904,1.4454043626523512,-1.2,-0.65
0.9660519983797619,0.9633964066770224,1.4544979801179292,-1.2,-0.6
0.9692437821665508,0.9665432862608,1.4635915975835072,-1.2,-0.55
0.9724249597753537,0.9696798231705368,1.4726852150490852,-1.2,-0.5
0.9755956349585954,0.9728061174472791,1.4817788325146635,-1.2,-0.45
0.9787559097839564,0.9759222675255665,1.4908724499802415,-1.2,-0.4
0.9819058846724388,0.9790283702693333,1.4999660674458195,-1.2,-0.35
0.9850456584353325,0.9821245210067809,1.5090596849113975,-1.2,-0.3
0.9881753283101231,0.9852108135642644,1.5181533023769755,-1.2,-0.25
0.9912949899953749,0.9882873402992217,1.5272469198425536,-1.2,-0.2
0.9944047376846261,0.9913541921321805,1.5363405373081316,-1.2,-0.15
0.9975046640993306,0.9944114585778743,1.5454341547737096,-1.2,-0.1
1.0005948605208783,0.9974592277754974,1.5545277722392878,-1.2,-0.05
1.0036754168217243,1.000497586518127,1.5636213897048656,-1.2,0.0
1.0067464214956594,1.0035266202813407,1.5727150071704439,-1.2,0.05
1.0098079616872508,1.0065464132510598,1.5818086246360217,-1.2,0.1
1.0128601232204737,1.0095570483506342,1.5909022421016,-1.2,0.15
1.0159029906265726,1.0125586072672066,1.599995859567178,-1.2,0.2
0.8692832802470557,0.8701436772366937,0.871097547087239,-0.5,-2.0
0.8728382843265444,0.8736357996480334,0.8801911645528171,-0.5,-1.95
0.8763787236610203,0.8771138747328713,0.8892847820183951,-0.5,-1.9
0.8799047740613304,0.880578068942074,0.8983783994839731,-0.5,-1.85
0.8834166078225562,0.8840285454583364,0.9074720169495512,-0.5,-1.8
0.8869143938216876,0.8874654642853437,0.9165656344151292,-0.5,-1.75
0.8903982976118384,0.8908889823338304,0.9256592518807073,-0.5,-1.7
0.893868481513146,0.8942992535046669,0.9347528693462853,-0.5,-1.65
0.8973251047005002,0.8976964287690965,0.9438464868118633,-0.5,-1.6
0.9007683232882352,0.901080656246245,0.9529401042774414,-0.5,-1.55
0.904198290411911,0.9044520812780114,0.9620337217430194,-0.5,-1.5
0.9076151563073057,0.9078108465014493,0.9711273392085975,-0.5,-1.45
0.9110190683867361,0.9111570919187416,0.9802209566741755,-0.5,-1.4
0.9144101713128123,0.9144909549648632,0.9893145741397535,-0.5,-1.35
0.9177886070697358,0.9178125705730258,0.9984081916053316,-0.5,-1.3
0.9211545150322359,0.9211220712379943,1.0075018090709096,-0.5,-1.25
0.9245080320322427,0.9244195870773554,1.0165954265364876,-0.5,-1.2
0.9278492924233849,0.9277052458908231,1.0256890440020656,-0.5,-1.15
0.9311784281433985,0.9309791732176537,1.0347826614676436,-0.5,-1.1
0.9344955687745307,0.9342414923922444,1.0438762789332219,-0.5,-1.05
0.9378008416020138,0.9374923245979879,1.0529698963988,-0.5,-1.0
0.9410943716706877,0.9407317889194448,1.062063513864378,-0.5,-0.95
0.9443762818398374,0.943960002392902,1.071157131329956,-0.5,-0.9
0.94764669283632,0.9471770800553743,1.080250748795534,-0.5,-0.85
0.9509057233060392,0.9503831349921099,1.089344366261112,-0.5,-0.8
0.9541534898638362,0.9535782783826539,1.09843798372669,-0.5,-0.75
0.9573901071418498,0.9567626195455224,1.107531601192268,-0.5,-0.7
0.9606156878364086,0.9599362659815405,1.116625218657846,-0.5,-0.65
0.9638303427535051,0.9630993234158896,1.1257188361234243,-0.5,-0.6
0.9670341808529057,0.9662518958389136,1.1348124535890023,-0.5,-0.55
0.9702273092909468,0.9693940855457257,1.1439060710545803,-0.5,-0.5
0.9734098334620621,0.9725259931746615,1.1529996885201583,-0.5,-0.45
0.9765818570390898,0.9756477177446163,1.1620933059857363,-0.5,-0.4
0.979743482012401,0.9787593566913085,1.1711869234513144,-0.5,-0.35
0.982894808727892,0.9818610059025048,1.1802805409168924,-0.5,-0.3
0.986035935923881,0.9849527597522441,1.1893741583824704,-0.5,-0.25
0.989166960766946,0.9880347111340947,1.1984677758480484,-0.5,-0.2
0.9922879788867437,0.9911069514934777,1.2075613933136267,-0.5,-0.15
0.9953990844098408,0.9941695708590886,1.2166550107792047,-0.5,-0.1
0.998500369992595,0.9972226578734475,1.2257486282447827,-0.5,-0.05
1.0015919268531157,1.0002662998226073,1.2348422457103607,-0.5,0.0
1.0046738448023393,1.0033005826650492,1.2439358631759387,-0.5,0.05
1.0077462122742418,1.0063255910597881,1.2530294806415168,-0.5,0.1
1.010809116355227,1.0093414083937233,1.2621230981070948,-0.5,0.15
1.013862642812713,1.0123481168082489,1.271216715572673,-0.5,0.2
